compression	q	error	size
2	0.001	0.000451190	384
2	0.010	0.006382621	384
2	0.100	0.020314456	384
2	0.500	-0.040975211	384
5	0.001	-0.000079004	720
5	0.010	-0.000184795	720
5	0.100	0.018422563	720
5	0.500	-0.000771237	720
10	0.001	-0.000015069	1368
10	0.010	-0.000048177	1368
10	0.100	0.002859474	1368
10	0.500	0.014746717	1368
20	0.001	-0.000014866	2292
20	0.010	-0.000098561	2292
20	0.100	-0.000720318	2292
20	0.500	-0.005475495	2292
50	0.001	0.000009470	5436
50	0.010	0.000058550	5436
50	0.100	-0.000492503	5436
50	0.500	-0.000714871	5436
100	0.001	-0.000012116	10596
100	0.010	0.000004926	10596
100	0.100	0.000001831	10596
100	0.500	-0.001781118	10596
200	0.001	-0.000003647	19440
200	0.010	-0.000039241	19440
200	0.100	-0.000103239	19440
200	0.500	-0.000454001	19440
500	0.001	-0.000003647	42636
500	0.010	-0.000012640	42636
500	0.100	-0.000375051	42636
500	0.500	-0.000601326	42636
1000	0.001	-0.000003647	91140
1000	0.010	0.000001278	91140
1000	0.100	0.000002902	91140
1000	0.500	-0.000007489	91140
2	0.001	0.000338829	372
2	0.010	-0.000650852	372
2	0.100	-0.004135983	372
2	0.500	-0.018258447	372
5	0.001	-0.000004964	744
5	0.010	-0.000110562	744
5	0.100	0.009537358	744
5	0.500	-0.006863515	744
10	0.001	-0.000008604	1188
10	0.010	-0.000172959	1188
10	0.100	0.002296744	1188
10	0.500	0.004029920	1188
20	0.001	-0.000017704	2364
20	0.010	-0.000458068	2364
20	0.100	0.000249116	2364
20	0.500	0.000226082	2364
50	0.001	-0.000006383	5616
50	0.010	0.000145457	5616
50	0.100	0.000054854	5616
50	0.500	-0.004432215	5616
100	0.001	-0.000008079	10404
100	0.010	-0.000031872	10404
100	0.100	0.000270874	10404
100	0.500	0.003406223	10404
200	0.001	0.000001948	18936
200	0.010	0.000036138	18936
200	0.100	-0.000098140	18936
200	0.500	-0.001864222	18936
500	0.001	0.000001948	43404
500	0.010	0.000009834	43404
500	0.100	0.000051429	43404
500	0.500	-0.000412550	43404
1000	0.001	0.000001948	92388
1000	0.010	-0.000017245	92388
1000	0.100	-0.000059442	92388
1000	0.500	0.000040954	92388
2	0.001	-0.000001697	372
2	0.010	0.000267957	372
2	0.100	-0.010990570	372
2	0.500	-0.034916586	372
5	0.001	-0.000026781	648
5	0.010	0.002044297	648
5	0.100	0.027246139	648
5	0.500	-0.000260267	648
10	0.001	-0.000012260	1248
10	0.010	-0.000546658	1248
10	0.100	-0.000559545	1248
10	0.500	-0.000153936	1248
20	0.001	0.000060020	2364
20	0.010	-0.000067037	2364
20	0.100	-0.005463489	2364
20	0.500	-0.000913428	2364
50	0.001	-0.000021153	5328
50	0.010	0.000027812	5328
50	0.100	0.001461413	5328
50	0.500	0.000137901	5328
100	0.001	-0.000017540	10548
100	0.010	0.000026782	10548
100	0.100	0.000674924	10548
100	0.500	0.000272220	10548
200	0.001	0.000025562	18936
200	0.010	0.000000085	18936
200	0.100	-0.000069298	18936
200	0.500	-0.000205673	18936
500	0.001	0.000025562	43248
500	0.010	0.000000360	43248
500	0.100	-0.000067252	43248
500	0.500	-0.000061039	43248
1000	0.001	0.000025562	90936
1000	0.010	-0.000012243	90936
1000	0.100	-0.000022831	90936
1000	0.500	-0.000065517	90936
2	0.001	0.001009986	408
2	0.010	-0.000860990	408
2	0.100	0.020925592	408
2	0.500	0.117985253	408
5	0.001	0.000127168	672
5	0.010	-0.000740618	672
5	0.100	-0.001496760	672
5	0.500	0.000687294	672
10	0.001	-0.000006723	1392
10	0.010	-0.000056320	1392
10	0.100	-0.000250847	1392
10	0.500	0.023512479	1392
20	0.001	-0.000003065	2280
20	0.010	-0.000124497	2280
20	0.100	-0.000827388	2280
20	0.500	-0.000061560	2280
50	0.001	-0.000024890	5376
50	0.010	0.000201869	5376
50	0.100	-0.000090719	5376
50	0.500	-0.006020846	5376
100	0.001	-0.000030490	10236
100	0.010	0.000000542	10236
100	0.100	0.000372110	10236
100	0.500	0.000288233	10236
200	0.001	-0.000031239	19248
200	0.010	-0.000040972	19248
200	0.100	0.000233526	19248
200	0.500	-0.001228923	19248
500	0.001	-0.000031239	42816
500	0.010	-0.000003085	42816
500	0.100	0.000041056	42816
500	0.500	0.000037740	42816
1000	0.001	-0.000031239	90960
1000	0.010	-0.000006856	90960
1000	0.100	-0.000007706	90960
1000	0.500	-0.000020446	90960
2	0.001	0.000079547	336
2	0.010	-0.000466756	336
2	0.100	0.014009667	336
2	0.500	-0.006903901	336
5	0.001	0.000034802	732
5	0.010	-0.000131935	732
5	0.100	-0.003496163	732
5	0.500	0.013578639	732
10	0.001	-0.000058104	1236
10	0.010	-0.000131015	1236
10	0.100	-0.005535538	1236
10	0.500	0.006031038	1236
20	0.001	-0.000026941	2292
20	0.010	0.000008626	2292
20	0.100	-0.002338106	2292
20	0.500	-0.000079419	2292
50	0.001	-0.000029430	5616
50	0.010	-0.000068278	5616
50	0.100	0.002513929	5616
50	0.500	0.000313025	5616
100	0.001	-0.000026948	10704
100	0.010	-0.000017858	10704
100	0.100	-0.000761266	10704
100	0.500	-0.000755854	10704
200	0.001	-0.000030506	19392
200	0.010	-0.000004278	19392
200	0.100	0.000544992	19392
200	0.500	-0.000195151	19392
500	0.001	-0.000030506	42540
500	0.010	-0.000041732	42540
500	0.100	0.000112525	42540
500	0.500	-0.000018827	42540
1000	0.001	-0.000030506	92772
1000	0.010	-0.000030336	92772
1000	0.100	0.000005859	92772
1000	0.500	-0.000021342	92772
2	0.001	0.000003069	324
2	0.010	0.003457090	324
2	0.100	-0.000549329	324
2	0.500	0.137818696	324
5	0.001	-0.000033800	720
5	0.010	-0.000458715	720
5	0.100	-0.001194296	720
5	0.500	0.000057383	720
10	0.001	0.000100909	1224
10	0.010	-0.000325144	1224
10	0.100	-0.000340883	1224
10	0.500	-0.003285188	1224
20	0.001	0.000045347	2328
20	0.010	0.000142954	2328
20	0.100	-0.002653069	2328
20	0.500	-0.008333917	2328
50	0.001	0.000001057	5220
50	0.010	0.000024102	5220
50	0.100	0.000326335	5220
50	0.500	-0.000077087	5220
100	0.001	0.000003583	10164
100	0.010	0.000009039	10164
100	0.100	-0.000085048	10164
100	0.500	-0.000340556	10164
200	0.001	0.000004039	19500
200	0.010	0.000000718	19500
200	0.100	0.000041970	19500
200	0.500	0.001076902	19500
500	0.001	0.000004039	42984
500	0.010	-0.000005340	42984
500	0.100	-0.000124741	42984
500	0.500	-0.000088540	42984
1000	0.001	0.000004039	92268
1000	0.010	0.000006745	92268
1000	0.100	-0.000057410	92268
1000	0.500	-0.000060936	92268
2	0.001	-0.000000789	336
2	0.010	-0.000462287	336
2	0.100	-0.008081637	336
2	0.500	-0.003672749	336
5	0.001	-0.000004075	708
5	0.010	-0.000082983	708
5	0.100	-0.006581964	708
5	0.500	0.058322421	708
10	0.001	0.000091108	1296
10	0.010	-0.000262004	1296
10	0.100	0.006118463	1296
10	0.500	-0.006896368	1296
20	0.001	-0.000022588	2256
20	0.010	-0.000036667	2256
20	0.100	0.004356895	2256
20	0.500	-0.003076005	2256
50	0.001	0.000011200	5748
50	0.010	0.000029258	5748
50	0.100	-0.000132653	5748
50	0.500	-0.006960527	5748
100	0.001	-0.000015301	10464
100	0.010	-0.000025197	10464
100	0.100	-0.001216646	10464
100	0.500	-0.000699104	10464
200	0.001	-0.000002074	19428
200	0.010	-0.000007732	19428
200	0.100	-0.000097920	19428
200	0.500	0.001571995	19428
500	0.001	-0.000002074	42768
500	0.010	0.000000723	42768
500	0.100	-0.000006644	42768
500	0.500	-0.000140899	42768
1000	0.001	-0.000002074	92184
1000	0.010	-0.000007245	92184
1000	0.100	-0.000011849	92184
1000	0.500	0.000018580	92184
2	0.001	0.000300054	324
2	0.010	-0.000211179	324
2	0.100	0.115742816	324
2	0.500	0.005772682	324
5	0.001	0.000148695	780
5	0.010	0.001763157	780
5	0.100	-0.003503386	780
5	0.500	-0.002555252	780
10	0.001	0.000000526	1392
10	0.010	-0.000363060	1392
10	0.100	-0.008618825	1392
10	0.500	0.023605686	1392
20	0.001	-0.000056381	2304
20	0.010	0.000054060	2304
20	0.100	-0.000339686	2304
20	0.500	0.000715778	2304
50	0.001	0.000007322	5316
50	0.010	-0.000035644	5316
50	0.100	0.000301064	5316
50	0.500	-0.000708464	5316
100	0.001	-0.000002969	10152
100	0.010	-0.000103835	10152
100	0.100	0.000010407	10152
100	0.500	-0.000305914	10152
200	0.001	-0.000001084	19188
200	0.010	-0.000010549	19188
200	0.100	0.000010688	19188
200	0.500	-0.000250987	19188
500	0.001	-0.000001084	42612
500	0.010	-0.000026490	42612
500	0.100	0.000020197	42612
500	0.500	-0.000221466	42612
1000	0.001	-0.000001084	92772
1000	0.010	-0.000009206	92772
1000	0.100	0.000004400	92772
1000	0.500	-0.000018257	92772
2	0.001	0.000302203	396
2	0.010	-0.000418627	396
2	0.100	-0.010476513	396
2	0.500	-0.069276187	396
5	0.001	0.000023076	720
5	0.010	-0.000349261	720
5	0.100	-0.002224972	720
5	0.500	0.001963148	720
10	0.001	-0.000002454	1188
10	0.010	-0.000036780	1188
10	0.100	0.000636946	1188
10	0.500	-0.025155589	1188
20	0.001	0.000015359	2268
20	0.010	0.000437394	2268
20	0.100	0.003681214	2268
20	0.500	-0.002444434	2268
50	0.001	-0.000002880	5412
50	0.010	-0.000123384	5412
50	0.100	-0.000184422	5412
50	0.500	0.000287964	5412
100	0.001	-0.000003121	10368
100	0.010	0.000039070	10368
100	0.100	-0.000041194	10368
100	0.500	0.000313598	10368
200	0.001	-0.000003496	19320
200	0.010	0.000048701	19320
200	0.100	0.000339317	19320
200	0.500	-0.001140494	19320
500	0.001	-0.000003496	42732
500	0.010	-0.000071368	42732
500	0.100	-0.000126404	42732
500	0.500	-0.000016967	42732
1000	0.001	-0.000003496	92880
1000	0.010	-0.000065273	92880
1000	0.100	0.000026327	92880
1000	0.500	0.000112135	92880
2	0.001	-0.000122302	360
2	0.010	0.008433322	360
2	0.100	-0.000468731	360
2	0.500	-0.081244935	360
5	0.001	0.000175986	636
5	0.010	-0.000364676	636
5	0.100	-0.001476912	636
5	0.500	0.000120376	636
10	0.001	-0.000068982	1224
10	0.010	-0.000152665	1224
10	0.100	-0.000942490	1224
10	0.500	0.009879464	1224
20	0.001	0.000033218	2364
20	0.010	0.000015379	2364
20	0.100	-0.000545084	2364
20	0.500	0.005715937	2364
50	0.001	0.000001811	5580
50	0.010	0.000005371	5580
50	0.100	0.002082750	5580
50	0.500	-0.000977228	5580
100	0.001	-0.000003564	10524
100	0.010	0.000000673	10524
100	0.100	-0.000119665	10524
100	0.500	0.002242298	10524
200	0.001	-0.000000192	18960
200	0.010	0.000005494	18960
200	0.100	-0.000036812	18960
200	0.500	-0.000374023	18960
500	0.001	-0.000000192	42636
500	0.010	0.000003811	42636
500	0.100	0.000135811	42636
500	0.500	0.000354689	42636
1000	0.001	-0.000000192	92328
1000	0.010	-0.000001582	92328
1000	0.100	-0.000025203	92328
1000	0.500	0.000075569	92328
2	0.001	-0.000035944	336
2	0.010	-0.000598884	336
2	0.100	0.048593423	336
2	0.500	-0.027935083	336
5	0.001	-0.000024917	672
5	0.010	-0.000168323	672
5	0.100	-0.001408872	672
5	0.500	-0.002283661	672
10	0.001	0.000071108	1284
10	0.010	0.000665071	1284
10	0.100	-0.001688532	1284
10	0.500	-0.007507661	1284
20	0.001	0.000002441	2160
20	0.010	-0.000044810	2160
20	0.100	0.005314820	2160
20	0.500	-0.001104063	2160
50	0.001	-0.000008934	5436
50	0.010	-0.000082345	5436
50	0.100	0.000408667	5436
50	0.500	0.000043298	5436
100	0.001	0.000008433	10284
100	0.010	-0.000074231	10284
100	0.100	-0.000497887	10284
100	0.500	0.003644045	10284
200	0.001	0.000000086	18984
200	0.010	-0.000015876	18984
200	0.100	0.000093239	18984
200	0.500	0.000074473	18984
500	0.001	0.000000086	42564
500	0.010	-0.000001662	42564
500	0.100	-0.000181921	42564
500	0.500	0.000038915	42564
1000	0.001	0.000000086	93348
1000	0.010	0.000007314	93348
1000	0.100	-0.000092915	93348
1000	0.500	0.000022677	93348
2	0.001	0.000391158	384
2	0.010	0.000755388	384
2	0.100	-0.009369309	384
2	0.500	-0.024225145	384
5	0.001	0.000012880	792
5	0.010	-0.000541939	792
5	0.100	-0.002648547	792
5	0.500	-0.016964811	792
10	0.001	-0.000047862	1248
10	0.010	-0.000096718	1248
10	0.100	0.000300114	1248
10	0.500	-0.009189254	1248
20	0.001	-0.000016815	2304
20	0.010	0.000344857	2304
20	0.100	0.002471229	2304
20	0.500	-0.000452811	2304
50	0.001	-0.000021947	5604
50	0.010	0.000106943	5604
50	0.100	-0.000095775	5604
50	0.500	-0.003792775	5604
100	0.001	-0.000013327	10428
100	0.010	-0.000092928	10428
100	0.100	-0.000171114	10428
100	0.500	0.000033514	10428
200	0.001	-0.000023779	18924
200	0.010	-0.000074785	18924
200	0.100	0.000147103	18924
200	0.500	-0.000248856	18924
500	0.001	-0.000023779	43344
500	0.010	-0.000053808	43344
500	0.100	-0.000032404	43344
500	0.500	-0.000091764	43344
1000	0.001	-0.000023779	90924
1000	0.010	0.000022447	90924
1000	0.100	0.000019264	90924
1000	0.500	-0.000058533	90924
2	0.001	0.000863304	336
2	0.010	0.003064140	336
2	0.100	0.061639758	336
2	0.500	0.106441502	336
5	0.001	-0.000086804	732
5	0.010	-0.000325777	732
5	0.100	-0.001993147	732
5	0.500	-0.001443326	732
10	0.001	-0.000026963	1284
10	0.010	-0.000343198	1284
10	0.100	-0.001335313	1284
10	0.500	0.000119759	1284
20	0.001	0.000001468	2208
20	0.010	-0.000563312	2208
20	0.100	-0.000390628	2208
20	0.500	0.001676785	2208
50	0.001	-0.000004444	5784
50	0.010	0.000055923	5784
50	0.100	-0.000075307	5784
50	0.500	-0.001379603	5784
100	0.001	-0.000010048	10332
100	0.010	0.000017820	10332
100	0.100	-0.001176104	10332
100	0.500	0.000601491	10332
200	0.001	0.000010040	19164
200	0.010	0.000023412	19164
200	0.100	-0.000001461	19164
200	0.500	0.001078582	19164
500	0.001	0.000010040	42984
500	0.010	-0.000003182	42984
500	0.100	-0.000023330	42984
500	0.500	-0.000000962	42984
1000	0.001	0.000010040	91956
1000	0.010	0.000002219	91956
1000	0.100	0.000011701	91956
1000	0.500	-0.000014918	91956
2	0.001	0.000213341	384
2	0.010	0.007146201	384
2	0.100	0.004278800	384
2	0.500	-0.062246270	384
5	0.001	-0.000056747	720
5	0.010	-0.000609234	720
5	0.100	0.013704413	720
5	0.500	0.000712604	720
10	0.001	0.000054191	1272
10	0.010	-0.000231882	1272
10	0.100	0.000183727	1272
10	0.500	-0.000565939	1272
20	0.001	-0.000026102	2424
20	0.010	-0.000136827	2424
20	0.100	-0.000502798	2424
20	0.500	-0.000462837	2424
50	0.001	-0.000022979	5496
50	0.010	-0.000014931	5496
50	0.100	0.001969664	5496
50	0.500	0.000712902	5496
100	0.001	0.000005450	10440
100	0.010	0.000013584	10440
100	0.100	0.000221059	10440
100	0.500	-0.000285952	10440
200	0.001	0.000007623	19044
200	0.010	0.000010821	19044
200	0.100	-0.000167581	19044
200	0.500	-0.000941921	19044
500	0.001	0.000007623	42972
500	0.010	-0.000002036	42972
500	0.100	-0.000005255	42972
500	0.500	-0.000224923	42972
1000	0.001	0.000007623	93444
1000	0.010	-0.000002901	93444
1000	0.100	-0.000010962	93444
1000	0.500	-0.000023143	93444
2	0.001	0.000388056	360
2	0.010	0.004796026	360
2	0.100	0.037878701	360
2	0.500	-0.031093856	360
5	0.001	-0.000054643	684
5	0.010	-0.000097123	684
5	0.100	0.014544943	684
5	0.500	0.008435931	684
10	0.001	-0.000037179	1176
10	0.010	-0.000233225	1176
10	0.100	-0.001876219	1176
10	0.500	-0.003786123	1176
20	0.001	0.000019748	2220
20	0.010	-0.000102249	2220
20	0.100	-0.000465208	2220
20	0.500	0.011773620	2220
50	0.001	-0.000008258	5676
50	0.010	-0.000044717	5676
50	0.100	-0.001569748	5676
50	0.500	0.003286352	5676
100	0.001	-0.000014701	10368
100	0.010	-0.000105085	10368
100	0.100	0.000027749	10368
100	0.500	0.000213413	10368
200	0.001	-0.000013854	19272
200	0.010	-0.000009641	19272
200	0.100	-0.000036821	19272
200	0.500	0.000072976	19272
500	0.001	-0.000013854	42948
500	0.010	-0.000010016	42948
500	0.100	-0.000005776	42948
500	0.500	0.000467137	42948
1000	0.001	-0.000013854	92736
1000	0.010	-0.000003943	92736
1000	0.100	0.000002530	92736
1000	0.500	-0.000275586	92736
2	0.001	0.000762746	348
2	0.010	-0.000114776	348
2	0.100	0.069297871	348
2	0.500	-0.031165679	348
5	0.001	0.000017694	720
5	0.010	0.002532761	720
5	0.100	-0.001030737	720
5	0.500	0.025340049	720
10	0.001	0.000013100	1308
10	0.010	0.001313557	1308
10	0.100	-0.000639579	1308
10	0.500	-0.008769305	1308
20	0.001	-0.000002398	2220
20	0.010	0.000369640	2220
20	0.100	-0.000325629	2220
20	0.500	-0.013757321	2220
50	0.001	-0.000003710	5472
50	0.010	-0.000000312	5472
50	0.100	0.000200363	5472
50	0.500	-0.003194742	5472
100	0.001	-0.000019678	10188
100	0.010	-0.000022037	10188
100	0.100	0.000070431	10188
100	0.500	-0.000467947	10188
200	0.001	0.000004297	19176
200	0.010	0.000006203	19176
200	0.100	0.000168568	19176
200	0.500	-0.000856696	19176
500	0.001	0.000004297	43344
500	0.010	-0.000002006	43344
500	0.100	-0.000111380	43344
500	0.500	-0.000511686	43344
1000	0.001	0.000004297	92148
1000	0.010	-0.000002080	92148
1000	0.100	0.000020606	92148
1000	0.500	0.000015968	92148
2	0.001	0.000315782	360
2	0.010	0.007801571	360
2	0.100	0.018759933	360
2	0.500	-0.014177709	360
5	0.001	-0.000040885	756
5	0.010	0.002356908	756
5	0.100	-0.001862180	756
5	0.500	-0.005124396	756
10	0.001	-0.000034331	1236
10	0.010	0.000348736	1236
10	0.100	-0.005591360	1236
10	0.500	-0.003865297	1236
20	0.001	0.000009263	2256
20	0.010	0.000349679	2256
20	0.100	0.000101796	2256
20	0.500	0.001397887	2256
50	0.001	-0.000014195	5424
50	0.010	0.000114981	5424
50	0.100	0.000010379	5424
50	0.500	-0.001040660	5424
100	0.001	-0.000019912	10044
100	0.010	-0.000022429	10044
100	0.100	-0.000002900	10044
100	0.500	-0.000147630	10044
200	0.001	-0.000029083	19284
200	0.010	-0.000021568	19284
200	0.100	-0.000016386	19284
200	0.500	0.000033544	19284
500	0.001	-0.000029083	42888
500	0.010	-0.000010825	42888
500	0.100	0.000044818	42888
500	0.500	0.000005329	42888
1000	0.001	-0.000029083	92472
1000	0.010	-0.000009040	92472
1000	0.100	-0.000011333	92472
1000	0.500	0.000042669	92472
2	0.001	0.000038249	300
2	0.010	0.005629625	300
2	0.100	0.039188841	300
2	0.500	-0.029500785	300
5	0.001	0.000001374	732
5	0.010	-0.000202869	732
5	0.100	-0.000920163	732
5	0.500	-0.008200764	732
10	0.001	0.000007319	1236
10	0.010	-0.000073744	1236
10	0.100	-0.003568698	1236
10	0.500	0.002471051	1236
20	0.001	-0.000063473	2316
20	0.010	-0.000026595	2316
20	0.100	-0.000919747	2316
20	0.500	-0.003562590	2316
50	0.001	-0.000008763	5532
50	0.010	-0.000092250	5532
50	0.100	-0.000480251	5532
50	0.500	-0.001820702	5532
100	0.001	-0.000002669	10500
100	0.010	-0.000117477	10500
100	0.100	-0.000102621	10500
100	0.500	-0.001175884	10500
200	0.001	0.000004884	19236
200	0.010	0.000007404	19236
200	0.100	-0.000012925	19236
200	0.500	-0.000092733	19236
500	0.001	0.000004884	42504
500	0.010	0.000004576	42504
500	0.100	-0.000086373	42504
500	0.500	0.000026650	42504
1000	0.001	0.000004884	92784
1000	0.010	0.000012254	92784
1000	0.100	-0.000028132	92784
1000	0.500	0.000011213	92784
2	0.001	0.000270961	336
2	0.010	-0.000221663	336
2	0.100	0.038591085	336
2	0.500	-0.001029954	336
5	0.001	0.000594602	744
5	0.010	-0.000144892	744
5	0.100	0.012029011	744
5	0.500	-0.018486461	744
10	0.001	0.000095820	1260
10	0.010	-0.000642128	1260
10	0.100	-0.002881985	1260
10	0.500	0.000254092	1260
20	0.001	-0.000007953	2280
20	0.010	-0.000479201	2280
20	0.100	-0.000951699	2280
20	0.500	-0.008613287	2280
50	0.001	-0.000000791	5496
50	0.010	-0.000056272	5496
50	0.100	0.000655556	5496
50	0.500	-0.000287830	5496
100	0.001	0.000006619	10392
100	0.010	0.000023911	10392
100	0.100	-0.000327406	10392
100	0.500	-0.000536637	10392
200	0.001	0.000002478	19464
200	0.010	-0.000012713	19464
200	0.100	-0.000600301	19464
200	0.500	0.001069202	19464
500	0.001	0.000002478	43056
500	0.010	-0.000043320	43056
500	0.100	-0.000073977	43056
500	0.500	-0.000458788	43056
1000	0.001	0.000002478	91500
1000	0.010	-0.000003835	91500
1000	0.100	0.000007904	91500
1000	0.500	0.000186969	91500
2	0.001	0.000915614	360
2	0.010	0.002100981	360
2	0.100	0.087056733	360
2	0.500	-0.003621605	360
5	0.001	0.000135680	744
5	0.010	-0.000029067	744
5	0.100	0.011027822	744
5	0.500	0.039918497	744
10	0.001	0.000046240	1308
10	0.010	-0.000086941	1308
10	0.100	-0.000238874	1308
10	0.500	-0.000889262	1308
20	0.001	0.000006441	2256
20	0.010	-0.000187104	2256
20	0.100	0.000492804	2256
20	0.500	-0.001847403	2256
50	0.001	-0.000021372	5544
50	0.010	0.000006582	5544
50	0.100	0.000062723	5544
50	0.500	-0.000374922	5544
100	0.001	0.000007315	10212
100	0.010	-0.000064028	10212
100	0.100	-0.000924320	10212
100	0.500	-0.000046807	10212
200	0.001	-0.000008834	18900
200	0.010	-0.000004545	18900
200	0.100	0.000043870	18900
200	0.500	0.000819445	18900
500	0.001	-0.000008834	42732
500	0.010	-0.000018929	42732
500	0.100	0.000013774	42732
500	0.500	0.000093942	42732
1000	0.001	-0.000008834	93024
1000	0.010	-0.000008622	93024
1000	0.100	-0.000007792	93024
1000	0.500	0.000016069	93024
2	0.001	-0.000010245	336
2	0.010	0.007603381	336
2	0.100	0.000943701	336
2	0.500	-0.011981375	336
5	0.001	-0.000124315	756
5	0.010	-0.000158158	756
5	0.100	-0.000933357	756
5	0.500	-0.039979820	756
10	0.001	-0.000007924	1320
10	0.010	-0.000395472	1320
10	0.100	0.015824639	1320
10	0.500	0.000514358	1320
20	0.001	0.000034864	2184
20	0.010	0.000502244	2184
20	0.100	-0.000439068	2184
20	0.500	0.002683625	2184
50	0.001	-0.000002869	5340
50	0.010	-0.000134942	5340
50	0.100	0.000021427	5340
50	0.500	0.000260055	5340
100	0.001	-0.000015216	10512
100	0.010	-0.000026793	10512
100	0.100	-0.000541524	10512
100	0.500	0.001981061	10512
200	0.001	0.000000851	18948
200	0.010	-0.000040502	18948
200	0.100	-0.000069451	18948
200	0.500	-0.000110433	18948
500	0.001	0.000000851	42780
500	0.010	-0.000054796	42780
500	0.100	0.000079932	42780
500	0.500	-0.000486282	42780
1000	0.001	0.000000851	92328
1000	0.010	-0.000013901	92328
1000	0.100	-0.000009234	92328
1000	0.500	-0.000002268	92328
2	0.001	0.000346955	372
2	0.010	0.000554564	372
2	0.100	0.026248880	372
2	0.500	-0.057785401	372
5	0.001	0.000008334	696
5	0.010	-0.001019241	696
5	0.100	0.000093579	696
5	0.500	-0.030496615	696
10	0.001	-0.000066040	1272
10	0.010	0.000313922	1272
10	0.100	0.002365665	1272
10	0.500	0.001660388	1272
20	0.001	-0.000050953	2268
20	0.010	-0.000568452	2268
20	0.100	-0.000078039	2268
20	0.500	-0.001429308	2268
50	0.001	-0.000004853	5172
50	0.010	0.000242787	5172
50	0.100	0.001133742	5172
50	0.500	-0.000744546	5172
100	0.001	-0.000003068	10140
100	0.010	-0.000024981	10140
100	0.100	-0.000283866	10140
100	0.500	0.001306182	10140
200	0.001	0.000001410	18984
200	0.010	0.000028889	18984
200	0.100	-0.000028377	18984
200	0.500	-0.000155713	18984
500	0.001	0.000001410	42996
500	0.010	-0.000006274	42996
500	0.100	0.000012770	42996
500	0.500	-0.000021943	42996
1000	0.001	0.000001410	92088
1000	0.010	-0.000012503	92088
1000	0.100	0.000019770	92088
1000	0.500	0.000010781	92088
2	0.001	-0.000060351	384
2	0.010	-0.000558468	384
2	0.100	-0.002334195	384
2	0.500	-0.004201539	384
5	0.001	0.000133641	708
5	0.010	-0.000063816	708
5	0.100	0.006175121	708
5	0.500	-0.018893709	708
10	0.001	0.000059223	1272
10	0.010	0.000153177	1272
10	0.100	-0.005145971	1272
10	0.500	-0.002041274	1272
20	0.001	0.000004136	2160
20	0.010	0.000037482	2160
20	0.100	0.003536369	2160
20	0.500	0.000638815	2160
50	0.001	-0.000050686	5580
50	0.010	-0.000035502	5580
50	0.100	-0.000022996	5580
50	0.500	-0.000022061	5580
100	0.001	-0.000016155	10404
100	0.010	-0.000010876	10404
100	0.100	0.001138669	10404
100	0.500	-0.000346577	10404
200	0.001	-0.000001883	19332
200	0.010	-0.000037449	19332
200	0.100	0.000055800	19332
200	0.500	0.001195733	19332
500	0.001	-0.000001883	43092
500	0.010	-0.000011006	43092
500	0.100	0.000013260	43092
500	0.500	0.000005798	43092
1000	0.001	-0.000001883	91800
1000	0.010	-0.000018673	91800
1000	0.100	-0.000039990	91800
1000	0.500	0.000004095	91800
2	0.001	0.000320674	336
2	0.010	-0.000060582	336
2	0.100	0.034652438	336
2	0.500	-0.015094364	336
5	0.001	0.000005718	780
5	0.010	-0.000112705	780
5	0.100	0.026445748	780
5	0.500	0.003390627	780
10	0.001	0.000010003	1272
10	0.010	-0.000110172	1272
10	0.100	0.007487138	1272
10	0.500	0.017090123	1272
20	0.001	-0.000011080	2280
20	0.010	0.000188637	2280
20	0.100	-0.000183036	2280
20	0.500	-0.003980712	2280
50	0.001	-0.000022473	5400
50	0.010	0.000043447	5400
50	0.100	-0.000523122	5400
50	0.500	0.000398919	5400
100	0.001	-0.000008729	10572
100	0.010	-0.000034248	10572
100	0.100	-0.000273123	10572
100	0.500	-0.001240217	10572
200	0.001	-0.000002650	19380
200	0.010	-0.000004073	19380
200	0.100	-0.000021104	19380
200	0.500	0.000209465	19380
500	0.001	-0.000002650	43452
500	0.010	-0.000005497	43452
500	0.100	0.000022122	43452
500	0.500	-0.000003167	43452
1000	0.001	-0.000002650	92052
1000	0.010	-0.000013264	92052
1000	0.100	0.000056837	92052
1000	0.500	0.000027293	92052
2	0.001	0.000094458	300
2	0.010	0.000821522	300
2	0.100	-0.009931823	300
2	0.500	-0.011042292	300
5	0.001	-0.000059404	708
5	0.010	-0.000309854	708
5	0.100	-0.001134596	708
5	0.500	-0.014703281	708
10	0.001	-0.000024368	1296
10	0.010	0.000101692	1296
10	0.100	-0.000350018	1296
10	0.500	0.001808096	1296
20	0.001	-0.000019865	2292
20	0.010	0.000264531	2292
20	0.100	-0.000408041	2292
20	0.500	-0.006200247	2292
50	0.001	-0.000023270	5544
50	0.010	-0.000208916	5544
50	0.100	-0.001911193	5544
50	0.500	-0.000866190	5544
100	0.001	0.000002277	10236
100	0.010	-0.000018776	10236
100	0.100	-0.000434911	10236
100	0.500	-0.001427058	10236
200	0.001	0.000004933	19320
200	0.010	0.000023712	19320
200	0.100	0.000484538	19320
200	0.500	0.000030758	19320
500	0.001	0.000004933	42996
500	0.010	0.000009727	42996
500	0.100	-0.000224003	42996
500	0.500	0.000019626	42996
1000	0.001	0.000004933	92268
1000	0.010	0.000000263	92268
1000	0.100	-0.000049149	92268
1000	0.500	0.000010328	92268
2	0.001	0.000040377	384
2	0.010	-0.000673763	384
2	0.100	-0.001210233	384
2	0.500	-0.059531260	384
5	0.001	-0.000062988	672
5	0.010	0.001843249	672
5	0.100	0.017734618	672
5	0.500	-0.000299992	672
10	0.001	0.000153949	1248
10	0.010	0.000565784	1248
10	0.100	0.002914289	1248
10	0.500	0.006310820	1248
20	0.001	0.000003637	2328
20	0.010	-0.000070051	2328
20	0.100	0.000803102	2328
20	0.500	0.000518180	2328
50	0.001	0.000008403	5292
50	0.010	-0.000253312	5292
50	0.100	-0.000205720	5292
50	0.500	-0.000661386	5292
100	0.001	-0.000002379	10572
100	0.010	0.000015234	10572
100	0.100	0.000519467	10572
100	0.500	0.000597199	10572
200	0.001	-0.000003215	18924
200	0.010	-0.000011565	18924
200	0.100	0.000188324	18924
200	0.500	-0.000204409	18924
500	0.001	-0.000003215	42744
500	0.010	-0.000019668	42744
500	0.100	0.000200576	42744
500	0.500	0.000037738	42744
1000	0.001	-0.000003215	91800
1000	0.010	-0.000009938	91800
1000	0.100	-0.000041452	91800
1000	0.500	-0.000252163	91800
2	0.001	-0.000042885	336
2	0.010	-0.000955965	336
2	0.100	-0.011019336	336
2	0.500	-0.057104481	336
5	0.001	-0.000098290	660
5	0.010	-0.000020285	660
5	0.100	-0.000654396	660
5	0.500	-0.030458881	660
10	0.001	-0.000008181	1308
10	0.010	-0.000014547	1308
10	0.100	-0.001915371	1308
10	0.500	-0.004353752	1308
20	0.001	0.000015014	2280
20	0.010	-0.000011511	2280
20	0.100	0.006743231	2280
20	0.500	-0.002370792	2280
50	0.001	-0.000001587	5616
50	0.010	0.000232944	5616
50	0.100	-0.000111762	5616
50	0.500	0.001873842	5616
100	0.001	-0.000012146	10380
100	0.010	0.000196942	10380
100	0.100	-0.000783229	10380
100	0.500	0.002143627	10380
200	0.001	-0.000007301	18960
200	0.010	-0.000011348	18960
200	0.100	0.000286196	18960
200	0.500	0.000056633	18960
500	0.001	-0.000007301	42588
500	0.010	-0.000008086	42588
500	0.100	0.000088298	42588
500	0.500	-0.000249243	42588
1000	0.001	-0.000007301	92148
1000	0.010	-0.000003212	92148
1000	0.100	-0.000081697	92148
1000	0.500	-0.000007282	92148
2	0.001	-0.000180801	372
2	0.010	0.010686755	372
2	0.100	0.097957811	372
2	0.500	-0.006773570	372
5	0.001	-0.000038771	684
5	0.010	-0.000357742	684
5	0.100	-0.001816194	684
5	0.500	-0.044141066	684
10	0.001	-0.000016057	1284
10	0.010	0.000022803	1284
10	0.100	0.003030994	1284
10	0.500	0.010816478	1284
20	0.001	-0.000035655	2208
20	0.010	-0.000093968	2208
20	0.100	-0.001343847	2208
20	0.500	-0.001465321	2208
50	0.001	-0.000028673	5652
50	0.010	-0.000005129	5652
50	0.100	-0.000388054	5652
50	0.500	0.000064421	5652
100	0.001	-0.000016893	10500
100	0.010	-0.000015368	10500
100	0.100	0.000308401	10500
100	0.500	0.000008679	10500
200	0.001	0.000004170	19320
200	0.010	-0.000042915	19320
200	0.100	0.000328005	19320
200	0.500	0.000005744	19320
500	0.001	0.000004170	42960
500	0.010	-0.000046413	42960
500	0.100	0.000000295	42960
500	0.500	0.000225979	42960
1000	0.001	0.000004170	91488
1000	0.010	-0.000049639	91488
1000	0.100	0.000006225	91488
1000	0.500	0.000020078	91488
2	0.001	-0.000047177	348
2	0.010	0.000075956	348
2	0.100	0.091724062	348
2	0.500	0.112441673	348
5	0.001	0.000004559	648
5	0.010	-0.001134453	648
5	0.100	-0.002871426	648
5	0.500	0.000511457	648
10	0.001	-0.000002226	1308
10	0.010	0.000035595	1308
10	0.100	0.011143516	1308
10	0.500	0.015771343	1308
20	0.001	-0.000001911	2028
20	0.010	-0.000000175	2028
20	0.100	-0.003261610	2028
20	0.500	0.010369015	2028
50	0.001	-0.000011602	5688
50	0.010	0.000030436	5688
50	0.100	-0.000328152	5688
50	0.500	0.005315005	5688
100	0.001	-0.000011600	10500
100	0.010	0.000016600	10500
100	0.100	-0.000149394	10500
100	0.500	0.001267801	10500
200	0.001	-0.000018656	19224
200	0.010	0.000068977	19224
200	0.100	-0.000071282	19224
200	0.500	0.000877736	19224
500	0.001	-0.000018656	42996
500	0.010	-0.000003870	42996
500	0.100	0.000011315	42996
500	0.500	0.000130423	42996
1000	0.001	-0.000018656	91452
1000	0.010	-0.000008076	91452
1000	0.100	0.000004604	91452
1000	0.500	-0.000045725	91452
2	0.001	-0.000061815	336
2	0.010	-0.000065910	336
2	0.100	0.065333460	336
2	0.500	-0.020725423	336
5	0.001	-0.000028843	696
5	0.010	0.001733097	696
5	0.100	0.002547637	696
5	0.500	0.022974200	696
10	0.001	0.000080361	1224
10	0.010	0.000372075	1224
10	0.100	-0.000941532	1224
10	0.500	0.014757009	1224
20	0.001	0.000003039	2244
20	0.010	-0.000381463	2244
20	0.100	0.001628028	2244
20	0.500	-0.006349491	2244
50	0.001	-0.000009665	5688
50	0.010	0.000158819	5688
50	0.100	-0.001193703	5688
50	0.500	0.002966000	5688
100	0.001	0.000004573	10332
100	0.010	0.000043681	10332
100	0.100	-0.000038965	10332
100	0.500	-0.000057636	10332
200	0.001	0.000006074	19380
200	0.010	-0.000021724	19380
200	0.100	0.000026559	19380
200	0.500	-0.000318667	19380
500	0.001	0.000006074	42516
500	0.010	0.000006076	42516
500	0.100	0.000050534	42516
500	0.500	0.000249844	42516
1000	0.001	0.000006074	92328
1000	0.010	-0.000008783	92328
1000	0.100	-0.000009791	92328
1000	0.500	-0.000203240	92328
2	0.001	0.000665542	324
2	0.010	0.002589007	324
2	0.100	-0.005985408	324
2	0.500	-0.000029039	324
5	0.001	-0.000065318	696
5	0.010	-0.000248042	696
5	0.100	0.000287939	696
5	0.500	-0.000415880	696
10	0.001	0.000207016	1248
10	0.010	0.000144175	1248
10	0.100	-0.002689042	1248
10	0.500	-0.030686501	1248
20	0.001	0.000054952	2388
20	0.010	-0.000108148	2388
20	0.100	0.001170177	2388
20	0.500	0.005623259	2388
50	0.001	0.000016880	5388
50	0.010	0.000192520	5388
50	0.100	0.000175396	5388
50	0.500	-0.000970104	5388
100	0.001	-0.000005599	10176
100	0.010	0.000014813	10176
100	0.100	0.000088243	10176
100	0.500	0.002328570	10176
200	0.001	0.000021278	19260
200	0.010	-0.000022549	19260
200	0.100	0.000347252	19260
200	0.500	0.001467026	19260
500	0.001	0.000021278	42504
500	0.010	-0.000000153	42504
500	0.100	-0.000240746	42504
500	0.500	-0.000181610	42504
1000	0.001	0.000021278	93156
1000	0.010	-0.000004309	93156
1000	0.100	-0.000007013	93156
1000	0.500	-0.000129718	93156
2	0.001	-0.000012989	360
2	0.010	-0.000281137	360
2	0.100	0.033822478	360
2	0.500	-0.043594790	360
5	0.001	-0.000056535	804
5	0.010	0.004829444	804
5	0.100	-0.004635101	804
5	0.500	0.006265026	804
10	0.001	0.000009245	1248
10	0.010	-0.000005604	1248
10	0.100	-0.001160746	1248
10	0.500	-0.010207745	1248
20	0.001	-0.000002346	2340
20	0.010	-0.000474473	2340
20	0.100	0.006274552	2340
20	0.500	-0.000252771	2340
50	0.001	-0.000010682	5376
50	0.010	-0.000044805	5376
50	0.100	0.001244191	5376
50	0.500	0.000329160	5376
100	0.001	-0.000010065	10464
100	0.010	0.000053914	10464
100	0.100	0.001227611	10464
100	0.500	0.000296432	10464
200	0.001	-0.000017054	19188
200	0.010	-0.000043076	19188
200	0.100	-0.000270105	19188
200	0.500	0.000445234	19188
500	0.001	-0.000017054	42972
500	0.010	0.000001878	42972
500	0.100	-0.000101295	42972
500	0.500	-0.000063314	42972
1000	0.001	-0.000017054	91620
1000	0.010	-0.000000287	91620
1000	0.100	-0.000028142	91620
1000	0.500	-0.000009689	91620
2	0.001	0.000230934	360
2	0.010	-0.000416272	360
2	0.100	-0.006684036	360
2	0.500	0.020161782	360
5	0.001	0.000084129	756
5	0.010	0.001368986	756
5	0.100	-0.000370988	756
5	0.500	0.053457972	756
10	0.001	-0.000019142	1248
10	0.010	0.001085308	1248
10	0.100	-0.000080399	1248
10	0.500	0.014194014	1248
20	0.001	0.000002326	2256
20	0.010	-0.000002427	2256
20	0.100	0.000002252	2256
20	0.500	-0.000339902	2256
50	0.001	-0.000015354	5448
50	0.010	0.000156808	5448
50	0.100	-0.000013055	5448
50	0.500	0.000847587	5448
100	0.001	-0.000020928	10428
100	0.010	0.000086200	10428
100	0.100	0.000385119	10428
100	0.500	-0.003050263	10428
200	0.001	-0.000016185	19296
200	0.010	-0.000078888	19296
200	0.100	-0.000271844	19296
200	0.500	0.000388274	19296
500	0.001	-0.000016185	43128
500	0.010	-0.000003395	43128
500	0.100	0.000005975	43128
500	0.500	0.000065951	43128
1000	0.001	-0.000016185	90960
1000	0.010	-0.000001268	90960
1000	0.100	0.000024041	90960
1000	0.500	0.000085977	90960
2	0.001	0.000210989	336
2	0.010	-0.000041999	336
2	0.100	0.061428934	336
2	0.500	-0.023315088	336
5	0.001	0.000012589	684
5	0.010	0.000354104	684
5	0.100	-0.002217655	684
5	0.500	-0.041768296	684
10	0.001	-0.000070287	1140
10	0.010	0.000092067	1140
10	0.100	0.015478737	1140
10	0.500	-0.032893049	1140
20	0.001	-0.000039570	2328
20	0.010	-0.000181290	2328
20	0.100	0.000085920	2328
20	0.500	0.002359517	2328
50	0.001	0.000004597	5472
50	0.010	0.000048197	5472
50	0.100	-0.001075902	5472
50	0.500	-0.001848930	5472
100	0.001	-0.000011572	10656
100	0.010	-0.000048759	10656
100	0.100	-0.000241192	10656
100	0.500	0.000566523	10656
200	0.001	0.000004590	19368
200	0.010	0.000007673	19368
200	0.100	-0.000097466	19368
200	0.500	-0.000042468	19368
500	0.001	0.000004590	43164
500	0.010	0.000003217	43164
500	0.100	-0.000129823	43164
500	0.500	-0.000297206	43164
1000	0.001	0.000004590	92100
1000	0.010	-0.000000433	92100
1000	0.100	-0.000078882	92100
1000	0.500	-0.000044308	92100
2	0.001	0.000408712	456
2	0.010	-0.000304941	456
2	0.100	0.026446230	456
2	0.500	-0.002480906	456
5	0.001	0.000203355	672
5	0.010	-0.000299206	672
5	0.100	0.001693204	672
5	0.500	0.056429046	672
10	0.001	0.000038339	1236
10	0.010	-0.000792843	1236
10	0.100	-0.001077811	1236
10	0.500	-0.014007753	1236
20	0.001	-0.000020111	2208
20	0.010	0.000032459	2208
20	0.100	0.006928997	2208
20	0.500	0.021924281	2208
50	0.001	0.000007818	5508
50	0.010	0.000114800	5508
50	0.100	0.000208087	5508
50	0.500	0.003986771	5508
100	0.001	-0.000012175	10368
100	0.010	-0.000115872	10368
100	0.100	-0.000006314	10368
100	0.500	-0.000055656	10368
200	0.001	0.000002457	19080
200	0.010	0.000025868	19080
200	0.100	-0.000181087	19080
200	0.500	-0.000156885	19080
500	0.001	0.000002457	43380
500	0.010	-0.000006385	43380
500	0.100	-0.000136529	43380
500	0.500	-0.000010157	43380
1000	0.001	0.000002457	92340
1000	0.010	0.000003367	92340
1000	0.100	-0.000015296	92340
1000	0.500	0.000008625	92340
2	0.001	0.000000370	360
2	0.010	0.009482124	360
2	0.100	0.090956623	360
2	0.500	0.001413263	360
5	0.001	-0.000169122	708
5	0.010	-0.000181368	708
5	0.100	-0.006513928	708
5	0.500	-0.000546759	708
10	0.001	0.000002166	1260
10	0.010	0.001470967	1260
10	0.100	0.000891744	1260
10	0.500	0.022618313	1260
20	0.001	-0.000034262	2232
20	0.010	-0.000086505	2232
20	0.100	0.000211425	2232
20	0.500	0.002055343	2232
50	0.001	-0.000005609	5508
50	0.010	-0.000034054	5508
50	0.100	-0.000581655	5508
50	0.500	0.000784818	5508
100	0.001	-0.000004279	10440
100	0.010	-0.000019220	10440
100	0.100	-0.000160003	10440
100	0.500	-0.000137898	10440
200	0.001	-0.000010185	19068
200	0.010	0.000042194	19068
200	0.100	-0.000051976	19068
200	0.500	-0.000120089	19068
500	0.001	-0.000010185	42696
500	0.010	-0.000009228	42696
500	0.100	0.000087188	42696
500	0.500	-0.000014344	42696
1000	0.001	-0.000010185	92208
1000	0.010	-0.000045327	92208
1000	0.100	0.000027090	92208
1000	0.500	-0.000000901	92208
2	0.001	0.000533455	360
2	0.010	-0.000147799	360
2	0.100	-0.002137645	360
2	0.500	-0.063210877	360
5	0.001	-0.000011368	660
5	0.010	-0.000054670	660
5	0.100	0.020677664	660
5	0.500	0.002831984	660
10	0.001	-0.000015172	1236
10	0.010	0.000537928	1236
10	0.100	-0.001872070	1236
10	0.500	-0.002690973	1236
20	0.001	-0.000006242	2328
20	0.010	-0.000369580	2328
20	0.100	-0.000336852	2328
20	0.500	-0.000639091	2328
50	0.001	-0.000002916	5496
50	0.010	-0.000065633	5496
50	0.100	-0.000147964	5496
50	0.500	-0.003214349	5496
100	0.001	-0.000005119	10248
100	0.010	0.000014081	10248
100	0.100	0.000013425	10248
100	0.500	-0.000064006	10248
200	0.001	-0.000013058	19284
200	0.010	0.000012317	19284
200	0.100	0.000226193	19284
200	0.500	0.000295648	19284
500	0.001	-0.000013058	43128
500	0.010	0.000005385	43128
500	0.100	0.000134554	43128
500	0.500	-0.000209170	43128
1000	0.001	-0.000013058	91788
1000	0.010	0.000000733	91788
1000	0.100	-0.000093959	91788
1000	0.500	-0.000004587	91788
2	0.001	0.000401247	384
2	0.010	0.000206631	384
2	0.100	-0.009810819	384
2	0.500	-0.002411815	384
5	0.001	0.000069233	648
5	0.010	-0.000205077	648
5	0.100	0.025174777	648
5	0.500	-0.004826653	648
10	0.001	0.000128269	1392
10	0.010	0.001095856	1392
10	0.100	-0.000897146	1392
10	0.500	-0.000167297	1392
20	0.001	0.000007145	2244
20	0.010	-0.000013386	2244
20	0.100	-0.000111013	2244
20	0.500	0.002581192	2244
50	0.001	-0.000029966	5484
50	0.010	-0.000084390	5484
50	0.100	0.001730198	5484
50	0.500	-0.001662684	5484
100	0.001	0.000004789	10548
100	0.010	0.000037127	10548
100	0.100	-0.000030836	10548
100	0.500	0.000273536	10548
200	0.001	0.000006124	19548
200	0.010	-0.000009755	19548
200	0.100	-0.000188555	19548
200	0.500	0.000005501	19548
500	0.001	0.000006124	42864
500	0.010	-0.000000024	42864
500	0.100	0.000096348	42864
500	0.500	0.000102881	42864
1000	0.001	0.000006124	91668
1000	0.010	0.000002835	91668
1000	0.100	0.000010483	91668
1000	0.500	0.000006091	91668
2	0.001	-0.000063391	336
2	0.010	0.005215893	336
2	0.100	0.018917123	336
2	0.500	-0.004228368	336
5	0.001	0.000015929	720
5	0.010	-0.000806540	720
5	0.100	-0.001259526	720
5	0.500	-0.037678201	720
10	0.001	-0.000010288	1284
10	0.010	-0.000314606	1284
10	0.100	0.007633950	1284
10	0.500	0.013276953	1284
20	0.001	0.000009216	2448
20	0.010	-0.000424283	2448
20	0.100	-0.000666657	2448
20	0.500	0.003177208	2448
50	0.001	0.000002094	5520
50	0.010	-0.000047043	5520
50	0.100	-0.000614391	5520
50	0.500	-0.000127920	5520
100	0.001	0.000002828	10272
100	0.010	-0.000012390	10272
100	0.100	-0.000218575	10272
100	0.500	-0.000016139	10272
200	0.001	-0.000000073	19068
200	0.010	-0.000045394	19068
200	0.100	-0.000092618	19068
200	0.500	0.000048150	19068
500	0.001	-0.000000073	42972
500	0.010	0.000000491	42972
500	0.100	-0.000000201	42972
500	0.500	-0.000059090	42972
1000	0.001	-0.000000073	92436
1000	0.010	-0.000012042	92436
1000	0.100	-0.000042643	92436
1000	0.500	-0.000000038	92436
2	0.001	0.000249872	396
2	0.010	-0.001270473	396
2	0.100	0.036156478	396
2	0.500	-0.029234651	396
5	0.001	0.000272997	696
5	0.010	0.002903604	696
5	0.100	0.031142877	696
5	0.500	-0.015519620	696
10	0.001	-0.000006364	1224
10	0.010	-0.000243365	1224
10	0.100	-0.000460262	1224
10	0.500	0.000618617	1224
20	0.001	0.000012293	2292
20	0.010	-0.000546977	2292
20	0.100	-0.000490750	2292
20	0.500	-0.000710174	2292
50	0.001	-0.000002096	5592
50	0.010	-0.000257428	5592
50	0.100	0.000184151	5592
50	0.500	0.002518318	5592
100	0.001	-0.000019472	10368
100	0.010	0.000002014	10368
100	0.100	-0.000246180	10368
100	0.500	-0.000848710	10368
200	0.001	-0.000004030	18636
200	0.010	0.000014562	18636
200	0.100	0.000332972	18636
200	0.500	-0.000434540	18636
500	0.001	-0.000004030	43212
500	0.010	0.000001830	43212
500	0.100	-0.000001017	43212
500	0.500	-0.000053826	43212
1000	0.001	-0.000004030	92196
1000	0.010	0.000006406	92196
1000	0.100	0.000002655	92196
1000	0.500	0.000059216	92196
