pass	compression	q	error	size
0	2	0.001	-0.000068772	400
0	2	0.010	0.004502403	400
0	2	0.100	-0.007629691	400
0	2	0.500	0.063807129	400
0	5	0.001	-0.000002682	700
0	5	0.010	0.001130331	700
0	5	0.100	0.017855886	700
0	5	0.500	0.071144574	700
0	10	0.001	-0.000012324	1324
0	10	0.010	-0.000017097	1324
0	10	0.100	-0.003622739	1324
0	10	0.500	-0.009406644	1324
0	20	0.001	0.000059385	2272
0	20	0.010	-0.000555733	2272
0	20	0.100	0.002563642	2272
0	20	0.500	0.000225638	2272
0	50	0.001	0.000003917	5428
0	50	0.010	0.000240513	5428
0	50	0.100	-0.000375226	5428
0	50	0.500	-0.001531397	5428
0	100	0.001	-0.000006899	10144
0	100	0.010	0.000016601	10144
0	100	0.100	-0.000021740	10144
0	100	0.500	0.000079337	10144
0	200	0.001	-0.000013872	19288
0	200	0.010	0.000008943	19288
0	200	0.100	0.000028060	19288
0	200	0.500	0.000045817	19288
0	500	0.001	-0.000013872	42712
0	500	0.010	-0.000009949	42712
0	500	0.100	-0.000049255	42712
0	500	0.500	0.000017268	42712
0	1000	0.001	-0.000013872	91444
0	1000	0.010	-0.000004222	91444
0	1000	0.100	0.000005376	91444
0	1000	0.500	0.000007469	91444
1	2	0.001	0.000297373	340
1	2	0.010	0.000056451	340
1	2	0.100	-0.000580000	340
1	2	0.500	0.094006604	340
1	5	0.001	-0.000018798	700
1	5	0.010	-0.000736129	700
1	5	0.100	-0.005348081	700
1	5	0.500	0.003542097	700
1	10	0.001	0.000001947	1264
1	10	0.010	-0.000339011	1264
1	10	0.100	-0.001421360	1264
1	10	0.500	-0.001214704	1264
1	20	0.001	0.000016928	2212
1	20	0.010	-0.000106215	2212
1	20	0.100	0.004203763	2212
1	20	0.500	-0.011102537	2212
1	50	0.001	-0.000021940	5452
1	50	0.010	-0.000072386	5452
1	50	0.100	-0.000470424	5452
1	50	0.500	-0.006313275	5452
1	100	0.001	0.000003098	10456
1	100	0.010	-0.000002932	10456
1	100	0.100	-0.000136891	10456
1	100	0.500	0.000288503	10456
1	200	0.001	-0.000000583	19492
1	200	0.010	-0.000066077	19492
1	200	0.100	-0.000008076	19492
1	200	0.500	-0.000418590	19492
1	500	0.001	-0.000000583	43000
1	500	0.010	-0.000019196	43000
1	500	0.100	0.000017345	43000
1	500	0.500	-0.000312603	43000
1	1000	0.001	-0.000000583	91480
1	1000	0.010	0.000005723	91480
1	1000	0.100	-0.000004599	91480
1	1000	0.500	-0.000048003	91480
2	2	0.001	-0.000121555	340
2	2	0.010	0.000812204	340
2	2	0.100	0.097167484	340
2	2	0.500	-0.004066668	340
2	5	0.001	-0.000001869	784
2	5	0.010	0.003069630	784
2	5	0.100	0.000085296	784
2	5	0.500	-0.030807367	784
2	10	0.001	0.000018682	1288
2	10	0.010	-0.000100514	1288
2	10	0.100	0.005753533	1288
2	10	0.500	-0.000340306	1288
2	20	0.001	0.000023693	2464
2	20	0.010	-0.000078046	2464
2	20	0.100	-0.001632898	2464
2	20	0.500	-0.000055219	2464
2	50	0.001	-0.000012006	5500
2	50	0.010	-0.000028099	5500
2	50	0.100	-0.000265650	5500
2	50	0.500	-0.000208409	5500
2	100	0.001	-0.000002586	10180
2	100	0.010	0.000007557	10180
2	100	0.100	0.000432148	10180
2	100	0.500	-0.001399856	10180
2	200	0.001	0.000000634	18784
2	200	0.010	0.000001529	18784
2	200	0.100	0.000100709	18784
2	200	0.500	0.001214965	18784
2	500	0.001	0.000000634	43216
2	500	0.010	-0.000026676	43216
2	500	0.100	0.000033212	43216
2	500	0.500	-0.000017782	43216
2	1000	0.001	0.000000634	92068
2	1000	0.010	-0.000012131	92068
2	1000	0.100	-0.000081125	92068
2	1000	0.500	-0.000036618	92068
3	2	0.001	-0.000130714	364
3	2	0.010	0.009828833	364
3	2	0.100	0.028598251	364
3	2	0.500	-0.069916372	364
3	5	0.001	-0.000022238	688
3	5	0.010	-0.000635988	688
3	5	0.100	0.010243957	688
3	5	0.500	0.000566223	688
3	10	0.001	0.000076988	1276
3	10	0.010	-0.000373409	1276
3	10	0.100	-0.000713196	1276
3	10	0.500	0.000051822	1276
3	20	0.001	-0.000011420	2284
3	20	0.010	0.000093015	2284
3	20	0.100	0.000082983	2284
3	20	0.500	-0.000320435	2284
3	50	0.001	-0.000025274	5524
3	50	0.010	0.000008278	5524
3	50	0.100	-0.000189002	5524
3	50	0.500	0.000826857	5524
3	100	0.001	0.000005386	10288
3	100	0.010	0.000061060	10288
3	100	0.100	0.000832347	10288
3	100	0.500	0.000774505	10288
3	200	0.001	0.000004362	19132
3	200	0.010	-0.000060578	19132
3	200	0.100	0.000539160	19132
3	200	0.500	0.000041576	19132
3	500	0.001	0.000004362	42664
3	500	0.010	0.000004303	42664
3	500	0.100	-0.000053497	42664
3	500	0.500	-0.000092871	42664
3	1000	0.001	0.000004362	91396
3	1000	0.010	-0.000001093	91396
3	1000	0.100	0.000068127	91396
3	1000	0.500	0.000128433	91396
4	2	0.001	0.000026752	364
4	2	0.010	-0.000751657	364
4	2	0.100	0.027108989	364
4	2	0.500	-0.073655595	364
4	5	0.001	0.000001246	700
4	5	0.010	0.001316376	700
4	5	0.100	0.011371907	700
4	5	0.500	-0.039428360	700
4	10	0.001	0.000115666	1264
4	10	0.010	0.000981291	1264
4	10	0.100	0.014216506	1264
4	10	0.500	-0.003891192	1264
4	20	0.001	0.000038230	2236
4	20	0.010	-0.000492552	2236
4	20	0.100	-0.000590149	2236
4	20	0.500	-0.003788225	2236
4	50	0.001	-0.000016213	5404
4	50	0.010	-0.000030370	5404
4	50	0.100	0.000797683	5404
4	50	0.500	0.001924475	5404
4	100	0.001	0.000004627	10108
4	100	0.010	-0.000020313	10108
4	100	0.100	-0.000032072	10108
4	100	0.500	0.000142365	10108
4	200	0.001	-0.000005135	18988
4	200	0.010	0.000032962	18988
4	200	0.100	-0.000607825	18988
4	200	0.500	-0.001176358	18988
4	500	0.001	-0.000005135	42784
4	500	0.010	-0.000005042	42784
4	500	0.100	-0.000183706	42784
4	500	0.500	0.000116898	42784
4	1000	0.001	-0.000005135	92512
4	1000	0.010	-0.000005865	92512
4	1000	0.100	-0.000063641	92512
4	1000	0.500	-0.000013967	92512
5	2	0.001	0.000266679	412
5	2	0.010	-0.000716633	412
5	2	0.100	0.100229178	412
5	2	0.500	-0.004479124	412
5	5	0.001	0.000010117	808
5	5	0.010	-0.000116119	808
5	5	0.100	-0.007864885	808
5	5	0.500	-0.002504806	808
5	10	0.001	-0.000039003	1240
5	10	0.010	-0.000090826	1240
5	10	0.100	-0.000274083	1240
5	10	0.500	0.039996748	1240
5	20	0.001	-0.000109365	2224
5	20	0.010	-0.000153755	2224
5	20	0.100	0.003609996	2224
5	20	0.500	-0.006960635	2224
5	50	0.001	-0.000006068	5608
5	50	0.010	0.000113147	5608
5	50	0.100	-0.000148631	5608
5	50	0.500	0.001227367	5608
5	100	0.001	-0.000007534	10516
5	100	0.010	-0.000039434	10516
5	100	0.100	-0.000180498	10516
5	100	0.500	-0.000009831	10516
5	200	0.001	-0.000012380	19036
5	200	0.010	-0.000067644	19036
5	200	0.100	-0.000011346	19036
5	200	0.500	0.000001469	19036
5	500	0.001	-0.000012380	42820
5	500	0.010	-0.000003011	42820
5	500	0.100	-0.000126486	42820
5	500	0.500	0.000196968	42820
5	1000	0.001	-0.000012380	92284
5	1000	0.010	0.000003178	92284
5	1000	0.100	0.000076090	92284
5	1000	0.500	-0.000130745	92284
6	2	0.001	0.000163777	388
6	2	0.010	-0.000410251	388
6	2	0.100	0.043611963	388
6	2	0.500	0.066669551	388
6	5	0.001	-0.000109045	784
6	5	0.010	-0.000131037	784
6	5	0.100	0.000386327	784
6	5	0.500	-0.015434304	784
6	10	0.001	0.000002413	1240
6	10	0.010	0.000107366	1240
6	10	0.100	-0.000768336	1240
6	10	0.500	0.009332847	1240
6	20	0.001	0.000002951	2356
6	20	0.010	-0.000055236	2356
6	20	0.100	-0.004773146	2356
6	20	0.500	0.008614256	2356
6	50	0.001	0.000001301	5476
6	50	0.010	0.000352053	5476
6	50	0.100	0.000073446	5476
6	50	0.500	-0.001171371	5476
6	100	0.001	-0.000010128	10612
6	100	0.010	-0.000030374	10612
6	100	0.100	-0.000248746	10612
6	100	0.500	0.000053010	10612
6	200	0.001	0.000001852	19036
6	200	0.010	0.000012079	19036
6	200	0.100	-0.000190595	19036
6	200	0.500	-0.001131469	19036
6	500	0.001	0.000001852	42916
6	500	0.010	0.000002714	42916
6	500	0.100	0.000012726	42916
6	500	0.500	-0.000018220	42916
6	1000	0.001	0.000001852	91024
6	1000	0.010	0.000007525	91024
6	1000	0.100	-0.000032480	91024
6	1000	0.500	0.000067999	91024
7	2	0.001	-0.000020519	352
7	2	0.010	-0.000426004	352
7	2	0.100	0.082602887	352
7	2	0.500	-0.007522747	352
7	5	0.001	0.000220744	748
7	5	0.010	0.002273441	748
7	5	0.100	-0.002459422	748
7	5	0.500	-0.003625037	748
7	10	0.001	0.000112569	1336
7	10	0.010	0.000270281	1336
7	10	0.100	0.000435158	1336
7	10	0.500	-0.009136485	1336
7	20	0.001	-0.000036464	2356
7	20	0.010	-0.000553435	2356
7	20	0.100	-0.002621716	2356
7	20	0.500	0.000175550	2356
7	50	0.001	-0.000045851	5380
7	50	0.010	-0.000023620	5380
7	50	0.100	0.000185235	5380
7	50	0.500	0.000110444	5380
7	100	0.001	-0.000013511	9964
7	100	0.010	-0.000002692	9964
7	100	0.100	-0.000084840	9964
7	100	0.500	-0.000323023	9964
7	200	0.001	-0.000024562	19024
7	200	0.010	0.000015632	19024
7	200	0.100	-0.000015213	19024
7	200	0.500	0.000035408	19024
7	500	0.001	-0.000024562	42700
7	500	0.010	-0.000026807	42700
7	500	0.100	-0.000207585	42700
7	500	0.500	-0.000460039	42700
7	1000	0.001	-0.000024562	92824
7	1000	0.010	-0.000011932	92824
7	1000	0.100	-0.000017718	92824
7	1000	0.500	-0.000001108	92824
8	2	0.001	0.000975166	352
8	2	0.010	-0.001245483	352
8	2	0.100	0.046263735	352
8	2	0.500	-0.008107237	352
8	5	0.001	-0.000099632	760
8	5	0.010	0.002627767	760
8	5	0.100	0.008865419	760
8	5	0.500	-0.040128740	760
8	10	0.001	0.000186359	1264
8	10	0.010	-0.000019992	1264
8	10	0.100	0.002094707	1264
8	10	0.500	-0.012498183	1264
8	20	0.001	-0.000079143	2248
8	20	0.010	-0.000015827	2248
8	20	0.100	-0.000227482	2248
8	20	0.500	0.001161328	2248
8	50	0.001	-0.000019436	5632
8	50	0.010	-0.000002236	5632
8	50	0.100	-0.000007076	5632
8	50	0.500	0.000259907	5632
8	100	0.001	-0.000013817	10660
8	100	0.010	-0.000013908	10660
8	100	0.100	-0.000084131	10660
8	100	0.500	-0.000757547	10660
8	200	0.001	0.000008831	19324
8	200	0.010	-0.000032467	19324
8	200	0.100	-0.000021161	19324
8	200	0.500	-0.000145165	19324
8	500	0.001	0.000008831	43084
8	500	0.010	0.000006001	43084
8	500	0.100	0.000014296	43084
8	500	0.500	-0.000129270	43084
8	1000	0.001	0.000008831	91648
8	1000	0.010	0.000005039	91648
8	1000	0.100	-0.000069437	91648
8	1000	0.500	-0.000003175	91648
9	2	0.001	-0.000010118	328
9	2	0.010	-0.000103787	328
9	2	0.100	-0.004863127	328
9	2	0.500	0.058001481	328
9	5	0.001	-0.000024751	796
9	5	0.010	0.001801079	796
9	5	0.100	-0.000756640	796
9	5	0.500	-0.004065553	796
9	10	0.001	-0.000004173	1216
9	10	0.010	-0.000137263	1216
9	10	0.100	-0.000189427	1216
9	10	0.500	-0.000003784	1216
9	20	0.001	0.000013660	2368
9	20	0.010	-0.000090858	2368
9	20	0.100	0.000535428	2368
9	20	0.500	-0.011049680	2368
9	50	0.001	-0.000008013	5464
9	50	0.010	0.000017674	5464
9	50	0.100	-0.000410768	5464
9	50	0.500	0.000369964	5464
9	100	0.001	0.000001495	10516
9	100	0.010	0.000011669	10516
9	100	0.100	-0.000003981	10516
9	100	0.500	0.000419020	10516
9	200	0.001	-0.000000667	19276
9	200	0.010	-0.000000603	19276
9	200	0.100	0.000067631	19276
9	200	0.500	0.000045327	19276
9	500	0.001	-0.000000667	43180
9	500	0.010	-0.000016346	43180
9	500	0.100	0.000004420	43180
9	500	0.500	0.000448255	43180
9	1000	0.001	-0.000000667	91216
9	1000	0.010	-0.000002104	91216
9	1000	0.100	-0.000019328	91216
9	1000	0.500	0.000019634	91216
10	2	0.001	0.000121021	328
10	2	0.010	0.005881100	328
10	2	0.100	0.031902131	328
10	2	0.500	-0.005443293	328
10	5	0.001	0.000012334	784
10	5	0.010	-0.000520186	784
10	5	0.100	-0.006393266	784
10	5	0.500	-0.004658721	784
10	10	0.001	-0.000093739	1288
10	10	0.010	0.001746656	1288
10	10	0.100	0.000804993	1288
10	10	0.500	-0.002342215	1288
10	20	0.001	-0.000017139	2368
10	20	0.010	-0.000106458	2368
10	20	0.100	0.004200427	2368
10	20	0.500	-0.014220848	2368
10	50	0.001	-0.000013063	5368
10	50	0.010	-0.000033515	5368
10	50	0.100	-0.000085609	5368
10	50	0.500	0.003384718	5368
10	100	0.001	-0.000009612	10504
10	100	0.010	-0.000009242	10504
10	100	0.100	-0.000049925	10504
10	100	0.500	0.002451678	10504
10	200	0.001	-0.000014448	18832
10	200	0.010	0.000015368	18832
10	200	0.100	-0.000475552	18832
10	200	0.500	-0.000901587	18832
10	500	0.001	-0.000014448	43012
10	500	0.010	-0.000011004	43012
10	500	0.100	-0.000014821	43012
10	500	0.500	0.000476279	43012
10	1000	0.001	-0.000014448	91408
10	1000	0.010	-0.000008044	91408
10	1000	0.100	-0.000061312	91408
10	1000	0.500	0.000098626	91408
11	2	0.001	-0.000099456	376
11	2	0.010	0.005717653	376
11	2	0.100	-0.003128231	376
11	2	0.500	-0.002734596	376
11	5	0.001	-0.000088947	736
11	5	0.010	0.002498477	736
11	5	0.100	-0.008114381	736
11	5	0.500	-0.025094955	736
11	10	0.001	0.000046640	1240
11	10	0.010	0.000006708	1240
11	10	0.100	0.003320573	1240
11	10	0.500	0.029527120	1240
11	20	0.001	-0.000010141	2248
11	20	0.010	-0.000081249	2248
11	20	0.100	-0.000647669	2248
11	20	0.500	-0.000424377	2248
11	50	0.001	0.000034412	5548
11	50	0.010	0.000097210	5548
11	50	0.100	-0.000404237	5548
11	50	0.500	-0.003506178	5548
11	100	0.001	-0.000040904	10336
11	100	0.010	0.000012213	10336
11	100	0.100	-0.000493989	10336
11	100	0.500	0.000469510	10336
11	200	0.001	0.000003916	19420
11	200	0.010	0.000018460	19420
11	200	0.100	-0.000106204	19420
11	200	0.500	-0.000078307	19420
11	500	0.001	0.000003916	42832
11	500	0.010	-0.000020974	42832
11	500	0.100	0.000161867	42832
11	500	0.500	-0.000240453	42832
11	1000	0.001	0.000003916	91624
11	1000	0.010	0.000000068	91624
11	1000	0.100	-0.000088910	91624
11	1000	0.500	-0.000092245	91624
12	2	0.001	0.000351792	376
12	2	0.010	-0.000540423	376
12	2	0.100	0.017487575	376
12	2	0.500	-0.011933564	376
12	5	0.001	0.000076252	664
12	5	0.010	-0.000282279	664
12	5	0.100	-0.002431909	664
12	5	0.500	0.002296936	664
12	10	0.001	-0.000017520	1360
12	10	0.010	0.000950757	1360
12	10	0.100	-0.001514560	1360
12	10	0.500	-0.003788987	1360
12	20	0.001	0.000037552	2236
12	20	0.010	0.000064359	2236
12	20	0.100	0.004322775	2236
12	20	0.500	0.003266742	2236
12	50	0.001	-0.000001719	5536
12	50	0.010	-0.000022711	5536
12	50	0.100	-0.000441788	5536
12	50	0.500	0.000178070	5536
12	100	0.001	-0.000015351	10324
12	100	0.010	-0.000008810	10324
12	100	0.100	-0.000005371	10324
12	100	0.500	-0.003026857	10324
12	200	0.001	-0.000012482	18940
12	200	0.010	0.000018424	18940
12	200	0.100	-0.000329867	18940
12	200	0.500	-0.000246745	18940
12	500	0.001	-0.000012482	42952
12	500	0.010	-0.000000131	42952
12	500	0.100	0.000136866	42952
12	500	0.500	-0.000413534	42952
12	1000	0.001	-0.000012482	92368
12	1000	0.010	-0.000007132	92368
12	1000	0.100	0.000012317	92368
12	1000	0.500	-0.000099139	92368
13	2	0.001	0.000353973	376
13	2	0.010	-0.000747578	376
13	2	0.100	0.003670406	376
13	2	0.500	-0.013473994	376
13	5	0.001	0.000124878	724
13	5	0.010	-0.000073743	724
13	5	0.100	-0.001566453	724
13	5	0.500	-0.007616438	724
13	10	0.001	0.000146815	1324
13	10	0.010	0.000057654	1324
13	10	0.100	0.007621426	1324
13	10	0.500	0.040767525	1324
13	20	0.001	0.000007095	2428
13	20	0.010	0.000014480	2428
13	20	0.100	0.000736532	2428
13	20	0.500	0.001856138	2428
13	50	0.001	-0.000007585	5404
13	50	0.010	0.000159892	5404
13	50	0.100	0.000914847	5404
13	50	0.500	0.004881802	5404
13	100	0.001	0.000001063	10276
13	100	0.010	-0.000027155	10276
13	100	0.100	0.000130127	10276
13	100	0.500	0.000493382	10276
13	200	0.001	-0.000003985	19312
13	200	0.010	0.000024387	19312
13	200	0.100	-0.000015788	19312
13	200	0.500	0.001293833	19312
13	500	0.001	-0.000003985	43252
13	500	0.010	0.000008516	43252
13	500	0.100	0.000005018	43252
13	500	0.500	-0.000005857	43252
13	1000	0.001	-0.000003985	92452
13	1000	0.010	-0.000007412	92452
13	1000	0.100	-0.000008003	92452
13	1000	0.500	-0.000139933	92452
14	2	0.001	-0.000017113	364
14	2	0.010	-0.000399111	364
14	2	0.100	0.082655250	364
14	2	0.500	0.055095719	364
14	5	0.001	0.000007665	760
14	5	0.010	0.001950601	760
14	5	0.100	-0.001431803	760
14	5	0.500	-0.013526121	760
14	10	0.001	0.000001193	1216
14	10	0.010	0.001206258	1216
14	10	0.100	-0.000697755	1216
14	10	0.500	0.028474092	1216
14	20	0.001	0.000000933	2260
14	20	0.010	-0.000078713	2260
14	20	0.100	-0.003064767	2260
14	20	0.500	0.002592519	2260
14	50	0.001	-0.000001526	5452
14	50	0.010	-0.000147780	5452
14	50	0.100	-0.001221877	5452
14	50	0.500	0.000384126	5452
14	100	0.001	-0.000002626	10108
14	100	0.010	-0.000027079	10108
14	100	0.100	-0.000500022	10108
14	100	0.500	0.002804645	10108
14	200	0.001	0.000000617	19096
14	200	0.010	-0.000036222	19096
14	200	0.100	-0.000116077	19096
14	200	0.500	0.001353137	19096
14	500	0.001	0.000000617	43072
14	500	0.010	-0.000017819	43072
14	500	0.100	0.000062943	43072
14	500	0.500	0.000431889	43072
14	1000	0.001	0.000000617	92668
14	1000	0.010	-0.000018652	92668
14	1000	0.100	0.000002369	92668
14	1000	0.500	-0.000009652	92668
15	2	0.001	-0.000011589	316
15	2	0.010	-0.000677378	316
15	2	0.100	0.104305310	316
15	2	0.500	-0.000231422	316
15	5	0.001	0.000027032	688
15	5	0.010	-0.000858881	688
15	5	0.100	0.026405884	688
15	5	0.500	0.000192846	688
15	10	0.001	0.000005701	1324
15	10	0.010	0.001023837	1324
15	10	0.100	0.008289964	1324
15	10	0.500	-0.027145197	1324
15	20	0.001	-0.000012447	2284
15	20	0.010	-0.000794967	2284
15	20	0.100	0.000239991	2284
15	20	0.500	0.000082884	2284
15	50	0.001	-0.000007340	5452
15	50	0.010	-0.000047080	5452
15	50	0.100	0.000926316	5452
15	50	0.500	-0.000923128	5452
15	100	0.001	0.000000243	10288
15	100	0.010	0.000090540	10288
15	100	0.100	0.000641017	10288
15	100	0.500	0.002114143	10288
15	200	0.001	-0.000010585	19216
15	200	0.010	-0.000029996	19216
15	200	0.100	-0.000093282	19216
15	200	0.500	-0.000301951	19216
15	500	0.001	-0.000010585	43180
15	500	0.010	-0.000042406	43180
15	500	0.100	0.000130729	43180
15	500	0.500	-0.000507237	43180
15	1000	0.001	-0.000010585	91792
15	1000	0.010	-0.000000644	91792
15	1000	0.100	-0.000017771	91792
15	1000	0.500	-0.000016517	91792
16	2	0.001	0.000106638	352
16	2	0.010	-0.001137951	352
16	2	0.100	0.086801539	352
16	2	0.500	0.108672268	352
16	5	0.001	-0.000007792	724
16	5	0.010	-0.000930156	724
16	5	0.100	0.020688783	724
16	5	0.500	-0.004656406	724
16	10	0.001	0.000048936	1372
16	10	0.010	0.000493378	1372
16	10	0.100	0.007926722	1372
16	10	0.500	-0.001599420	1372
16	20	0.001	-0.000013841	2152
16	20	0.010	-0.000222636	2152
16	20	0.100	-0.000888113	2152
16	20	0.500	0.000012254	2152
16	50	0.001	-0.000001633	5620
16	50	0.010	0.000120382	5620
16	50	0.100	-0.000245870	5620
16	50	0.500	0.000226648	5620
16	100	0.001	0.000000531	10312
16	100	0.010	-0.000109133	10312
16	100	0.100	0.001709976	10312
16	100	0.500	0.000036831	10312
16	200	0.001	-0.000004637	19480
16	200	0.010	-0.000004173	19480
16	200	0.100	-0.000088015	19480
16	200	0.500	0.000030932	19480
16	500	0.001	-0.000004637	43204
16	500	0.010	-0.000014946	43204
16	500	0.100	0.000010564	43204
16	500	0.500	0.000354280	43204
16	1000	0.001	-0.000004637	91876
16	1000	0.010	-0.000015511	91876
16	1000	0.100	-0.000081935	91876
16	1000	0.500	0.000073613	91876
17	2	0.001	-0.000010650	388
17	2	0.010	0.006857294	388
17	2	0.100	-0.001816552	388
17	2	0.500	0.035654684	388
17	5	0.001	0.000258835	784
17	5	0.010	-0.000981215	784
17	5	0.100	0.008668017	784
17	5	0.500	-0.011386707	784
17	10	0.001	0.000008324	1192
17	10	0.010	0.000442874	1192
17	10	0.100	0.000397557	1192
17	10	0.500	0.013905404	1192
17	20	0.001	0.000010106	2224
17	20	0.010	-0.000071362	2224
17	20	0.100	0.000806401	2224
17	20	0.500	0.005025559	2224
17	50	0.001	-0.000001506	5308
17	50	0.010	-0.000073338	5308
17	50	0.100	-0.000772180	5308
17	50	0.500	-0.000167694	5308
17	100	0.001	-0.000018041	10132
17	100	0.010	-0.000145229	10132
17	100	0.100	-0.001010756	10132
17	100	0.500	-0.000673532	10132
17	200	0.001	-0.000003570	19168
17	200	0.010	0.000009651	19168
17	200	0.100	0.000221163	19168
17	200	0.500	-0.000046813	19168
17	500	0.001	-0.000003570	43036
17	500	0.010	0.000031665	43036
17	500	0.100	0.000003170	43036
17	500	0.500	-0.000028080	43036
17	1000	0.001	-0.000003570	92392
17	1000	0.010	0.000012236	92392
17	1000	0.100	0.000043075	92392
17	1000	0.500	-0.000178346	92392
18	2	0.001	0.000226168	364
18	2	0.010	0.002205559	364
18	2	0.100	-0.003771467	364
18	2	0.500	-0.072975207	364
18	5	0.001	-0.000004730	712
18	5	0.010	-0.000592164	712
18	5	0.100	0.036357064	712
18	5	0.500	-0.004514929	712
18	10	0.001	-0.000026297	1372
18	10	0.010	0.001201395	1372
18	10	0.100	-0.001465305	1372
18	10	0.500	0.000390643	1372
18	20	0.001	-0.000001196	2332
18	20	0.010	0.000461461	2332
18	20	0.100	0.002214611	2332
18	20	0.500	-0.006962968	2332
18	50	0.001	-0.000014476	5104
18	50	0.010	0.000021664	5104
18	50	0.100	0.002064408	5104
18	50	0.500	-0.000054021	5104
18	100	0.001	-0.000012343	10396
18	100	0.010	-0.000024018	10396
18	100	0.100	0.000516374	10396
18	100	0.500	-0.000177926	10396
18	200	0.001	0.000001856	19180
18	200	0.010	-0.000043789	19180
18	200	0.100	0.000083516	19180
18	200	0.500	0.000133496	19180
18	500	0.001	0.000001856	43108
18	500	0.010	-0.000022684	43108
18	500	0.100	0.000025516	43108
18	500	0.500	0.000544834	43108
18	1000	0.001	0.000001856	92800
18	1000	0.010	-0.000002117	92800
18	1000	0.100	-0.000013315	92800
18	1000	0.500	0.000065822	92800
19	2	0.001	-0.000052169	328
19	2	0.010	0.007680819	328
19	2	0.100	-0.005723199	328
19	2	0.500	-0.001494021	328
19	5	0.001	-0.000045590	712
19	5	0.010	0.003574905	712
19	5	0.100	-0.003883822	712
19	5	0.500	0.030676977	712
19	10	0.001	-0.000090572	1276
19	10	0.010	0.001332289	1276
19	10	0.100	-0.004043505	1276
19	10	0.500	0.001028231	1276
19	20	0.001	0.000007879	2284
19	20	0.010	0.000758409	2284
19	20	0.100	0.005452318	2284
19	20	0.500	0.011189879	2284
19	50	0.001	-0.000003830	5416
19	50	0.010	-0.000020599	5416
19	50	0.100	-0.000166684	5416
19	50	0.500	0.003957168	5416
19	100	0.001	-0.000003609	10504
19	100	0.010	0.000107714	10504
19	100	0.100	-0.000856675	10504
19	100	0.500	0.000158706	10504
19	200	0.001	0.000000935	18964
19	200	0.010	0.000000665	18964
19	200	0.100	-0.000025825	18964
19	200	0.500	0.000664375	18964
19	500	0.001	0.000000935	42784
19	500	0.010	-0.000006781	42784
19	500	0.100	-0.000016210	42784
19	500	0.500	-0.000222716	42784
19	1000	0.001	0.000000935	91408
19	1000	0.010	-0.000026415	91408
19	1000	0.100	-0.000013579	91408
19	1000	0.500	-0.000004766	91408
20	2	0.001	-0.000075771	340
20	2	0.010	0.005202915	340
20	2	0.100	0.019339810	340
20	2	0.500	-0.001855045	340
20	5	0.001	0.000364859	712
20	5	0.010	0.000161022	712
20	5	0.100	-0.005338439	712
20	5	0.500	-0.005683216	712
20	10	0.001	-0.000092146	1180
20	10	0.010	-0.000043803	1180
20	10	0.100	-0.001748974	1180
20	10	0.500	-0.003971563	1180
20	20	0.001	-0.000055513	2296
20	20	0.010	-0.000738645	2296
20	20	0.100	-0.003917617	2296
20	20	0.500	0.007962433	2296
20	50	0.001	-0.000013483	5248
20	50	0.010	-0.000043498	5248
20	50	0.100	0.000245097	5248
20	50	0.500	-0.000030914	5248
20	100	0.001	0.000004726	10300
20	100	0.010	-0.000015817	10300
20	100	0.100	0.000194231	10300
20	100	0.500	0.000010647	10300
20	200	0.001	0.000008572	19240
20	200	0.010	0.000002525	19240
20	200	0.100	0.000086021	19240
20	200	0.500	-0.001335876	19240
20	500	0.001	0.000008572	42532
20	500	0.010	-0.000035832	42532
20	500	0.100	-0.000021035	42532
20	500	0.500	-0.000089169	42532
20	1000	0.001	0.000008572	91576
20	1000	0.010	-0.000020600	91576
20	1000	0.100	-0.000082216	91576
20	1000	0.500	-0.000002828	91576
21	2	0.001	-0.000061808	400
21	2	0.010	-0.001127589	400
21	2	0.100	0.012229974	400
21	2	0.500	-0.001894111	400
21	5	0.001	-0.000014465	676
21	5	0.010	-0.000101638	676
21	5	0.100	-0.011368396	676
21	5	0.500	0.052064804	676
21	10	0.001	0.000187190	1276
21	10	0.010	-0.000029187	1276
21	10	0.100	-0.000788084	1276
21	10	0.500	0.003562283	1276
21	20	0.001	0.000001735	2236
21	20	0.010	-0.000564611	2236
21	20	0.100	0.000473341	2236
21	20	0.500	-0.004511686	2236
21	50	0.001	-0.000003549	5368
21	50	0.010	0.000069758	5368
21	50	0.100	-0.000989514	5368
21	50	0.500	0.000114020	5368
21	100	0.001	0.000002844	10240
21	100	0.010	0.000028211	10240
21	100	0.100	0.000045538	10240
21	100	0.500	0.000080596	10240
21	200	0.001	0.000005567	19096
21	200	0.010	-0.000036565	19096
21	200	0.100	0.000431163	19096
21	200	0.500	0.000090360	19096
21	500	0.001	0.000005567	43204
21	500	0.010	-0.000003713	43204
21	500	0.100	0.000124266	43204
21	500	0.500	0.000097522	43204
21	1000	0.001	0.000005567	91948
21	1000	0.010	0.000011390	91948
21	1000	0.100	0.000003555	91948
21	1000	0.500	0.000008041	91948
22	2	0.001	-0.000012344	424
22	2	0.010	-0.000265300	424
22	2	0.100	0.025269230	424
22	2	0.500	-0.024555789	424
22	5	0.001	-0.000004711	676
22	5	0.010	0.000314215	676
22	5	0.100	-0.002258264	676
22	5	0.500	-0.000807324	676
22	10	0.001	0.000040950	1288
22	10	0.010	0.000515213	1288
22	10	0.100	0.000633027	1288
22	10	0.500	-0.004807046	1288
22	20	0.001	-0.000039621	2260
22	20	0.010	-0.000080464	2260
22	20	0.100	0.000044734	2260
22	20	0.500	-0.000528485	2260
22	50	0.001	-0.000007300	5248
22	50	0.010	0.000002346	5248
22	50	0.100	-0.000126444	5248
22	50	0.500	0.003411349	5248
22	100	0.001	-0.000006112	10528
22	100	0.010	-0.000050950	10528
22	100	0.100	0.000543902	10528
22	100	0.500	0.000221683	10528
22	200	0.001	0.000001032	19396
22	200	0.010	-0.000075972	19396
22	200	0.100	0.000098943	19396
22	200	0.500	-0.000396647	19396
22	500	0.001	0.000001032	43384
22	500	0.010	0.000006121	43384
22	500	0.100	-0.000000359	43384
22	500	0.500	0.000342916	43384
22	1000	0.001	0.000001032	91720
22	1000	0.010	-0.000002225	91720
22	1000	0.100	0.000003394	91720
22	1000	0.500	-0.000107012	91720
23	2	0.001	0.000741221	388
23	2	0.010	0.000220455	388
23	2	0.100	-0.008753455	388
23	2	0.500	-0.079466232	388
23	5	0.001	0.000210678	688
23	5	0.010	0.002339518	688
23	5	0.100	0.003283511	688
23	5	0.500	0.009331607	688
23	10	0.001	-0.000019547	1288
23	10	0.010	0.000703205	1288
23	10	0.100	-0.000375556	1288
23	10	0.500	-0.006513876	1288
23	20	0.001	0.000103714	2332
23	20	0.010	0.000491476	2332
23	20	0.100	0.004411745	2332
23	20	0.500	0.007219341	2332
23	50	0.001	0.000002745	5308
23	50	0.010	0.000012313	5308
23	50	0.100	-0.000428067	5308
23	50	0.500	0.004358724	5308
23	100	0.001	-0.000018995	10408
23	100	0.010	0.000180552	10408
23	100	0.100	-0.000706053	10408
23	100	0.500	0.003866319	10408
23	200	0.001	0.000006676	19144
23	200	0.010	-0.000046354	19144
23	200	0.100	0.000483852	19144
23	200	0.500	-0.000223937	19144
23	500	0.001	0.000006676	42352
23	500	0.010	0.000000270	42352
23	500	0.100	0.000113303	42352
23	500	0.500	-0.000077444	42352
23	1000	0.001	0.000006676	91708
23	1000	0.010	-0.000006304	91708
23	1000	0.100	-0.000003794	91708
23	1000	0.500	0.000128757	91708
24	2	0.001	0.001075674	340
24	2	0.010	-0.000948586	340
24	2	0.100	-0.004541844	340
24	2	0.500	-0.038332596	340
24	5	0.001	0.000048885	640
24	5	0.010	0.000056737	640
24	5	0.100	-0.001186652	640
24	5	0.500	0.038293025	640
24	10	0.001	0.000141164	1168
24	10	0.010	-0.000079879	1168
24	10	0.100	0.001021919	1168
24	10	0.500	-0.000902672	1168
24	20	0.001	0.000054118	2344
24	20	0.010	0.000095960	2344
24	20	0.100	-0.002471884	2344
24	20	0.500	-0.003566097	2344
24	50	0.001	0.000012091	5308
24	50	0.010	0.000459721	5308
24	50	0.100	-0.001659212	5308
24	50	0.500	-0.001802082	5308
24	100	0.001	0.000002996	10480
24	100	0.010	-0.000010112	10480
24	100	0.100	0.001306094	10480
24	100	0.500	-0.000395238	10480
24	200	0.001	-0.000001688	19528
24	200	0.010	-0.000007398	19528
24	200	0.100	0.000015050	19528
24	200	0.500	-0.000005862	19528
24	500	0.001	-0.000001688	42832
24	500	0.010	-0.000016158	42832
24	500	0.100	-0.000007973	42832
24	500	0.500	-0.000196204	42832
