i	delta
0	0.299298
1	0.146644
2	0.209768
3	-0.099605
4	0.199871
5	0.138613
6	-0.154709
7	0.012581
8	-0.083105
9	-0.015366
10	-0.146780
11	0.012019
12	0.250864
13	-0.095987
14	-0.068732
15	-0.062223
16	-0.157675
17	0.140985
18	-0.020046
19	0.011335
20	0.073089
21	-0.206672
22	-0.111421
23	-0.141497
24	-0.231369
25	-0.102990
26	-0.039157
27	0.090133
28	-0.111651
29	-0.033641
30	0.208075
31	-0.108932
32	-0.047523
33	0.199716
34	-0.086039
35	-0.070119
36	-0.086348
37	-0.008745
38	0.069605
39	-0.179712
40	0.117414
41	-0.140851
42	-0.102304
43	-0.147378
44	-0.411024
45	-0.295870
46	-0.145002
47	-0.274373
48	-0.039552
49	-0.130097
50	0.294984
51	0.212842
52	-0.097670
53	0.168200
54	0.225930
55	0.228891
56	-0.065984
57	0.168574
58	0.189646
59	0.064690
60	0.106889
61	0.213691
62	0.075631
63	0.162414
64	0.187394
65	-0.170417
66	0.102168
67	0.123666
68	0.173104
69	-0.076758
70	0.265092
71	0.126868
72	-0.067872
73	-0.085021
74	-0.157449
75	-0.175996
76	-0.155083
77	-0.027429
78	-0.000048
79	0.239970
80	0.155443
81	-0.164435
82	0.145640
83	0.120471
84	-0.181185
85	0.231992
86	-0.164166
87	-0.141406
88	0.061523
89	0.062013
90	-0.150908
91	-0.111822
92	-0.071476
93	-0.144678
94	0.233319
95	0.043614
96	-0.021370
97	-0.152728
98	-0.099164
99	0.188608
100	-0.027506
101	0.196272
102	-0.137167
103	0.240882
104	-0.220284
105	0.129217
106	0.118429
107	-0.018965
108	-0.178123
109	0.049843
110	0.092960
111	0.040673
112	-0.040183
113	-0.117040
114	0.122772
115	-0.237050
116	0.050929
117	-0.062970
118	-0.134745
119	0.070959
120	-0.048223
121	-0.045588
122	-0.207748
123	0.044161
124	0.074737
125	-0.064800
126	-0.243535
127	0.056946
128	0.195874
129	0.003781
130	-0.196966
131	0.238999
132	-0.500308
133	0.412969
134	-0.168935
135	-0.523832
136	0.456612
137	0.249366
138	-0.526475
139	-0.405321
140	0.407981
141	-0.147326
142	-0.332309
143	0.103526
144	-0.312023
145	-0.068096
146	0.206847
147	0.071667
148	0.119511
149	-0.100989
150	0.164373
151	0.197745
152	0.177749
153	-0.067932
154	0.353613
155	0.247903
156	-0.178220
157	-0.050959
158	0.217002
159	0.174454
160	-0.087903
161	-0.049244
162	0.089777
163	0.210426
164	-0.153556
165	-0.070516
166	0.031677
167	-0.123232
168	0.037204
169	-0.115347
170	0.275896
171	0.113984
172	0.280126
173	0.122996
174	-0.189214
175	-0.138220
176	-0.120961
177	-0.005464
178	-0.123399
179	0.012891
180	0.070268
181	0.241056
182	0.040596
183	0.186311
184	0.045297
185	-0.071142
186	0.165088
187	0.054635
188	0.083641
189	0.093958
190	0.072310
191	-0.158357
192	0.203092
193	0.096568
194	0.117245
195	-0.162783
196	0.102213
197	-0.046592
198	-0.109074
199	-0.021185
200	-0.056903
201	-0.154963
202	-0.186008
203	0.024349
204	0.174068
205	0.172774
206	-0.253563
207	-0.031107
208	0.156859
209	-0.000721
210	-0.240600
211	-0.164316
212	-0.142813
213	0.593349
214	-0.196012
215	0.261359
216	0.144165
217	0.487665
218	-0.191033
219	0.474538
220	-0.436701
221	-0.122573
222	-0.032814
223	0.060856
224	-0.299118
225	-0.005562
226	0.169396
227	-0.186228
228	0.246895
229	-0.082419
230	-0.189514
231	-0.325114
232	0.078752
233	0.109333
234	-0.513439
235	0.060713
236	0.033547
237	0.129079
238	-0.122093
239	-0.363523
240	-0.328340
241	-0.345542
242	-0.047866
243	-0.328502
244	0.241286
245	-0.184028
246	0.182470
247	0.041913
248	0.126945
249	0.178518
250	-0.228803
251	-0.416288
252	0.054783
253	-0.287788
254	-0.463309
255	0.108395
256	-0.466203
257	0.178147
258	0.245281
259	-0.152918
260	-0.268754
261	0.096060
262	-0.176782
263	0.101253
264	0.006938
265	0.201455
266	0.214220
267	0.264349
268	-0.100487
269	0.020203
270	0.091786
271	0.097988
272	0.125612
273	0.232975
274	-0.044055
275	-0.066614
276	-0.002885
277	0.157002
278	-0.158851
279	0.245995
280	0.223263
281	-0.159929
282	0.268051
283	0.221152
284	0.171053
285	-0.041065
286	0.042827
287	-0.123017
288	-0.113990
289	-0.026197
290	0.110276
291	-0.247323
292	0.108293
293	0.100665
294	0.188937
295	-0.031684
296	-0.098977
297	0.183761
298	-0.153745
299	0.038299
300	0.150197
301	-0.000984
302	0.181927
303	0.101684
304	-0.072051
305	-0.000766
306	-0.006995
307	-0.114058
308	-0.002388
309	-0.182622
310	0.070321
311	-0.221901
312	-0.066327
313	-0.173455
314	0.191389
315	0.075236
316	0.130097
317	0.212794
318	-0.160087
319	-0.185862
320	-0.246694
321	-0.264948
322	0.006728
323	0.087629
324	-1.139527
325	0.022115
326	0.069200
327	0.075439
328	-0.211509
329	-0.045446
330	0.023053
331	-0.172129
332	0.037584
333	0.158509
334	0.068307
335	-0.231004
336	0.214079
337	0.007896
338	0.047650
339	-0.133758
340	0.100841
341	0.075127
342	-0.138491
343	0.183084
344	0.003687
345	0.040806
346	0.042667
347	-0.144296
348	0.214603
349	-0.035110
350	-0.005304
351	0.067243
352	0.041450
353	-0.161291
354	0.117747
355	-0.033653
356	0.175846
357	-0.053187
358	-0.172022
359	0.257193
360	-0.151772
361	0.001516
362	-0.008495
363	0.249178
364	0.221659
365	0.257874
366	0.093657
367	0.229573
368	0.176598
369	0.187689
370	-0.004029
371	-0.114989
372	0.178859
373	0.154056
374	0.199409
375	0.058323
376	-0.135829
377	-0.077186
378	0.084463
379	0.029312
380	-0.005001
381	-0.108563
382	-0.226982
383	-0.223312
384	0.234927
385	0.064585
386	0.215062
387	-0.234969
388	-0.171306
389	-0.118772
390	0.087904
391	-0.024281
392	0.256007
393	-0.181752
394	0.148751
395	0.194149
396	0.046699
397	-0.212411
398	0.135258
399	0.030345
400	0.103150
401	-0.232023
402	0.068850
403	0.213000
404	-0.171782
405	-0.230735
406	0.004236
407	0.141064
408	0.028051
409	-0.091810
410	-0.046546
411	-0.159459
412	-0.021963
413	0.203539
414	-0.214720
415	0.022594
416	-0.203140
417	0.014055
418	-0.245172
419	0.190029
420	-0.182972
421	-0.063291
422	0.069284
423	-0.187156
424	0.235628
425	0.066785
426	-0.095185
427	-0.080899
428	-0.112004
429	0.145453
430	0.077957
431	0.010334
432	0.182583
433	0.148166
434	-0.012857
435	-0.026301
436	-0.201133
437	0.231811
438	-0.195088
439	-0.214109
440	-0.116736
441	0.049037
442	-0.152647
443	-0.015248
444	0.177249
445	-0.019490
446	-0.050563
447	-0.118040
448	0.111682
449	0.201342
450	0.125826
451	0.155340
452	0.173766
453	-0.069998
454	0.068542
455	-0.181133
456	-0.162381
457	-0.188709
458	0.112745
459	0.088616
460	0.225248
461	-0.173211
462	-0.049566
463	-0.045891
464	0.076526
465	-0.134959
466	0.073410
467	0.233733
468	0.150022
469	0.169294
470	-0.044795
471	-0.036513
472	-0.253256
473	-0.019450
474	-0.088469
475	-0.064705
476	-0.110066
477	0.077744
478	0.002329
479	0.219931
480	-0.258794
481	-0.162165
482	-0.130478
483	-0.187951
484	0.039879
485	0.050015
486	0.103480
487	0.047591
488	0.038956
489	0.150677
490	-0.178287
491	-0.163029
492	-0.234924
493	0.124710
494	0.191194
495	-0.021247
496	0.028215
497	-0.022753
498	0.165646
499	0.150965
500	0.062478
501	-0.146958
502	-0.183878
503	-0.030432
504	0.117240
505	0.156645
506	0.204183
507	-0.129769
508	0.014977
509	0.009103
510	0.128826
511	-0.143468
512	-0.036059
513	-0.030054
514	0.104184
515	-0.171895
516	0.184006
517	0.059778
518	0.153783
519	0.227109
520	0.183689
521	-0.111599
522	-0.175848
523	-0.088046
524	0.049550
525	-0.023897
526	-0.083181
527	-0.095801
528	-0.058632
529	0.111460
530	-0.111112
531	-0.117547
532	0.156544
533	-0.141644
534	0.104539
535	0.100716
536	-0.206566
537	0.184447
538	-0.181644
539	-0.206324
540	-0.161708
541	0.107907
542	-0.150384
543	-0.131821
544	0.002226
545	0.053274
546	-0.147279
547	-0.130149
548	-0.057955
549	-0.245423
550	0.011552
551	0.026240
552	0.038721
553	0.056804
554	0.063795
555	0.185365
556	-0.212336
557	-0.035494
558	0.075680
559	0.011738
560	0.170537
561	-0.040115
562	0.012093
563	0.196202
564	-0.082991
565	-0.037559
566	-0.053770
567	0.024033
568	-0.002950
569	0.101717
570	-0.017308
571	0.035429
572	-0.121795
573	-0.244986
574	-0.044352
575	0.226897
576	-0.015961
577	0.185107
578	-0.218860
579	0.049029
580	0.151250
581	0.034759
582	0.231045
583	0.181544
584	-0.088143
585	0.130461
586	-0.134744
587	0.071984
588	0.136182
589	0.013979
590	-0.230449
591	0.081122
592	-0.078837
593	-0.081507
594	-0.112294
595	0.037031
596	-0.004780
597	-0.144398
598	0.192557
599	-0.196689
600	0.091671
601	-0.051644
602	0.033831
603	0.003553
604	-0.135189
605	0.118617
606	0.126395
607	0.049532
608	-0.019430
609	0.139274
610	-0.011402
611	0.050731
612	-0.296570
613	-0.124232
614	0.139042
615	-0.246135
616	0.188381
617	0.181711
618	0.004608
619	0.039105
620	-0.028850
621	-0.229202
622	-0.009801
623	-0.262655
624	-0.095350
625	0.098916
626	0.068590
627	-0.121709
628	0.077669
629	0.097618
630	0.099715
631	0.116536
632	0.223661
633	-0.076785
634	0.080149
635	-0.139532
636	-0.252052
637	0.233755
638	0.131944
639	0.176727
640	0.117219
641	-0.242804
642	0.202577
643	-0.107910
644	0.130725
645	-0.023378
646	0.057675
647	0.108181
648	0.059959
649	0.163049
650	0.189824
651	0.130001
652	-0.129314
653	0.008761
654	-0.128992
655	0.200220
656	0.066911
657	0.240117
658	-0.140769
659	-0.157738
660	-0.115048
661	0.113875
662	0.063957
663	-0.120798
664	0.004973
665	-0.083938
666	0.035023
667	0.027484
668	0.100825
669	0.214953
670	-0.183656
671	-0.178180
672	-0.143904
673	-0.033508
674	-0.148756
675	0.104962
676	0.100865
677	-0.257889
678	0.191872
679	-0.261280
680	-0.226997
681	0.171302
682	-0.009620
683	0.035023
684	-0.199659
685	-0.116186
686	0.043312
687	0.161851
688	-0.089246
689	0.155858
690	0.034047
691	-0.153926
692	-0.027276
693	0.153717
694	-0.020584
695	0.217926
696	0.131200
697	-0.198909
698	0.046769
699	-0.022262
700	-0.428342
701	0.130718
702	-0.125898
703	0.138033
704	-0.199291
705	-0.175393
706	0.092252
707	-0.168077
708	0.143898
709	0.043317
710	-0.123267
711	0.124299
712	-0.145924
713	-0.006467
714	0.133572
715	0.078716
716	0.099035
717	0.195022
718	-0.127235
719	0.160816
720	0.060010
721	-0.025565
722	0.014407
723	0.142173
724	0.000076
725	0.246696
726	0.009038
727	-0.081800
728	-0.028294
729	-0.035636
730	0.142164
731	-0.210121
732	0.245202
733	0.268818
734	0.036132
735	-0.169477
736	0.220510
737	-0.061804
738	-0.076036
739	0.249023
740	0.263613
741	-0.200394
742	-0.090380
743	-0.062431
744	0.056255
745	0.051296
746	0.160280
747	0.260336
748	-0.206116
749	-0.186839
750	-0.166004
751	-0.155357
752	-0.112934
753	-0.029269
754	-0.202555
755	-0.059351
756	-0.130977
757	-0.055296
758	0.262922
759	-0.104420
760	0.771754
761	-0.401803
762	0.102366
763	-0.213499
764	-0.094429
765	-0.111872
766	0.178721
767	-0.107929
768	0.019494
769	-0.006318
770	0.061224
771	-0.167744
772	0.050248
773	-0.196702
774	-0.048787
775	-0.171287
776	-0.037076
777	-0.194691
778	0.052357
779	0.053880
780	-0.093710
781	-0.157092
782	0.101916
783	-0.111396
784	-0.081696
785	0.141500
786	-0.199936
787	0.064796
788	-0.076470
789	-0.175110
790	-0.062407
791	0.158905
792	0.147562
793	0.130531
794	0.180265
795	0.133824
796	0.067776
797	-0.018251
798	-0.116169
799	-0.224333
800	0.032581
801	-0.130831
802	0.047371
803	0.103735
804	0.073756
805	-0.039254
806	0.134980
807	-0.176106
808	0.105646
809	0.192194
810	-0.049916
811	-0.135885
812	0.146275
813	-0.035987
814	-0.239296
815	0.094952
816	-0.115127
817	0.175468
818	-0.025738
819	0.105438
820	0.023199
821	-0.076138
822	-0.096916
823	-0.210400
824	-0.041657
825	-0.007584
826	-0.207458
827	0.072755
828	0.153042
829	-0.146581
830	0.132685
831	0.031736
832	0.136784
833	-0.074163
834	0.190288
835	-0.055041
836	-0.151636
837	-0.231316
838	-0.235388
839	0.200720
840	0.064012
841	0.090338
842	0.017188
843	-0.144785
844	0.063752
845	0.054898
846	0.061691
847	-0.047373
848	0.088547
849	-0.190504
850	0.038883
851	0.073312
852	0.138201
853	-0.198081
854	0.048161
855	-0.134064
856	0.018901
857	0.095051
858	0.065973
859	-0.212766
860	0.131888
861	0.069744
862	-0.047414
863	-0.239571
864	0.037412
865	-0.059666
866	-0.029902
867	0.120437
868	0.118905
869	0.137887
870	0.229854
871	-0.083244
872	0.140788
873	0.139297
874	0.025175
875	0.232518
876	-0.019549
877	-0.105611
878	-0.184299
879	0.014193
880	-0.251223
881	0.191877
882	-0.179783
883	-0.269979
884	0.189449
885	0.229461
886	0.215896
887	0.259509
888	-0.103382
889	0.037982
890	-0.061195
891	0.220114
892	-0.061972
893	-0.178681
894	-0.108033
895	0.240114
896	-0.174080
897	0.111968
898	-0.162266
899	0.211553
900	-0.248061
901	0.012851
902	-0.103191
903	-0.107866
904	-0.189156
905	-0.036136
906	-0.045945
907	-0.130584
908	0.261564
909	-0.248168
910	-0.100139
911	0.041390
912	0.144292
913	0.023034
914	0.077208
915	0.239614
916	-0.073438
917	0.163791
918	0.252382
919	0.206693
920	0.020824
921	-0.188355
922	0.247789
923	-0.149264
924	-0.205217
925	-0.068843
926	-0.229191
927	0.115626
928	0.123018
929	-0.189749
930	-0.099843
931	0.355118
932	-0.129856
933	0.217816
934	0.119415
935	0.327385
936	0.123350
937	0.155276
938	0.240608
939	0.058511
940	0.062675
941	0.101975
942	-0.170830
943	0.006370
944	-0.071586
945	-0.052035
946	0.105360
947	-0.113814
948	0.136629
949	-0.097977
950	0.070367
951	-0.195048
952	0.245312
953	-0.003764
954	0.048030
955	0.146911
956	0.238990
957	0.214158
958	0.080983
959	-0.195468
960	-0.243724
961	-0.136905
962	-0.253660
963	-0.018428
964	-0.013005
965	-0.228995
966	0.157062
967	0.044638
968	-0.209270
969	-0.256436
970	0.131762
971	-0.029961
972	-0.133936
973	-0.090727
974	-0.037416
975	0.159170
976	0.086590
977	0.049348
978	-0.034540
979	-0.112583
980	-0.086135
981	-0.168359
982	0.133949
983	-0.036534
984	0.002801
985	-0.218326
986	0.003537
987	0.113653
988	0.217888
989	-0.178205
990	0.054061
991	-0.031012
992	-0.051511
993	0.189111
994	-0.185385
995	-0.046990
996	0.205908
997	-0.178721
998	-0.036270
999	-0.063235
1000	-0.002593
1001	-0.001789
1002	-0.139761
1003	0.205542
1004	-0.251824
1005	0.096115
1006	-0.033367
1007	0.122971
1008	-0.230419
1009	0.196676
1010	0.156736
1011	0.181964
1012	0.058898
1013	0.012549
1014	-0.061945
1015	-0.010993
1016	0.035770
1017	0.110022
1018	-0.139731
1019	-0.188875
1020	0.106607
1021	-0.098865
1022	0.103177
1023	-0.124439
1024	0.025361
1025	-0.192032
1026	-0.181587
1027	-0.115879
1028	-0.127756
1029	-0.244433
1030	0.142701
1031	0.114426
1032	0.196824
1033	-0.137260
1034	0.205147
1035	-0.083347
1036	0.139855
1037	0.054590
1038	-0.217635
1039	-0.076193
1040	-0.271729
1041	-0.153118
1042	-0.677814
1043	-0.663696
1044	-0.065005
1045	-0.147075
1046	-0.043327
1047	0.168872
1048	0.121577
1049	-0.369966
1050	0.136540
1051	-0.354381
1052	-0.177797
1053	-0.012029
1054	0.118702
1055	-0.125292
1056	-0.145505
1057	-0.074385
1058	0.188287
1059	0.220790
1060	0.172457
1061	0.224163
1062	-0.094305
1063	-0.061211
1064	0.102169
1065	0.101106
1066	0.236117
1067	-0.063787
1068	0.177184
1069	0.138019
1070	-0.056429
1071	0.233190
1072	0.069147
1073	0.099867
1074	0.041097
1075	0.121156
1076	-0.094197
1077	0.101476
1078	-0.189213
1079	0.237730
1080	0.040797
1081	0.028478
1082	0.146417
1083	-0.062994
1084	0.136384
1085	0.004100
1086	-0.238706
1087	-0.276756
1088	0.040746
1089	-0.022903
1090	0.103744
1091	0.128406
1092	0.115450
1093	0.115308
1094	0.058995
1095	0.023634
1096	-0.200947
1097	-0.088853
1098	-0.264641
1099	0.059933
1100	-0.146013
1101	-0.048244
1102	-0.217565
1103	0.055009
1104	0.180751
1105	-0.221953
1106	0.197791
1107	0.184664
1108	0.083677
1109	0.177885
1110	-0.121111
1111	-0.252432
1112	0.059313
1113	-0.231680
1114	0.193247
1115	-0.209190
1116	0.193978
1117	0.103181
1118	0.212621
1119	0.216772
1120	-0.201457
1121	0.073202
1122	-0.039734
1123	-0.205495
1124	0.066092
1125	0.005839
1126	0.016354
1127	0.210820
1128	0.138974
1129	-0.019379
1130	-0.313679
1131	-0.129726
1132	-0.542666
1133	-0.351309
1134	-0.056413
1135	0.062826
1136	-0.130152
1137	-0.391876
1138	0.092441
1139	-0.416345
1140	0.108164
1141	0.200072
1142	0.195551
1143	-0.082852
1144	-0.126441
1145	0.171212
1146	0.215542
1147	0.211858
1148	-0.085885
1149	0.132130
1150	0.100806
1151	-0.204848
1152	0.099648
1153	-0.009699
1154	0.261824
1155	0.134449
1156	-0.105905
1157	-0.110889
1158	0.121454
1159	0.025220
1160	0.048190
1161	0.062943
1162	0.164125
1163	0.125481
1164	0.123222
1165	0.233665
1166	-0.012526
1167	-0.022401
1168	0.147172
1169	-0.083924
1170	0.125248
1171	0.186531
1172	0.032111
1173	-0.129480
1174	0.110215
1175	0.006804
1176	0.095750
1177	0.073861
1178	-0.080758
1179	-0.127424
1180	0.052451
1181	0.099001
1182	-0.240989
1183	-0.151984
1184	0.288287
1185	0.093011
1186	-0.019307
1187	0.226261
1188	-0.146904
1189	0.204108
1190	0.245142
1191	0.157896
1192	-0.199481
1193	0.102682
1194	0.003434
1195	-0.195524
1196	-0.153168
1197	0.098166
1198	-0.001017
1199	0.134248
1200	-0.142581
1201	-0.186025
1202	0.173126
1203	0.092436
1204	-0.229198
1205	0.126318
1206	-0.225338
1207	0.165622
1208	0.057426
1209	0.154401
1210	-0.044592
1211	-0.028682
1212	0.245445
1213	-0.091651
1214	0.173361
1215	-0.097388
1216	-0.063583
1217	-0.226423
1218	0.193620
1219	-0.107620
1220	0.019519
1221	-0.087583
1222	-0.222106
1223	0.107356
1224	-0.004012
1225	-0.131801
1226	-0.216928
1227	-0.127161
1228	0.154010
1229	-0.032123
1230	0.233767
1231	-0.220858
1232	-0.254748
1233	0.152208
1234	-0.051428
1235	-0.026779
1236	0.151387
1237	0.153462
1238	-0.109076
1239	0.020523
1240	-0.167992
1241	-0.007003
1242	0.109916
1243	-0.193950
1244	0.084520
1245	-0.194117
1246	-0.137607
1247	0.029460
1248	0.059480
1249	-0.023284
1250	-0.009429
1251	0.101043
1252	-0.210393
1253	-0.224173
1254	0.242870
1255	-0.091849
1256	0.176861
1257	0.152845
1258	-0.055858
1259	0.125700
1260	-0.016341
1261	-0.075380
1262	-0.234570
1263	0.112160
1264	-0.030529
1265	0.147258
1266	0.030483
1267	-0.049616
1268	-0.067213
1269	0.123339
1270	0.150199
1271	-0.167504
1272	0.067648
1273	-0.199155
1274	-0.102273
1275	-0.093702
1276	0.213521
1277	-0.145629
1278	-0.028440
1279	0.092020
1280	-0.139886
1281	-0.025982
1282	-0.125605
1283	-0.059277
1284	-0.057914
1285	-0.004313
1286	0.083584
1287	0.138006
1288	0.191797
1289	0.096997
1290	0.009356
1291	0.186484
1292	-0.118240
1293	0.255670
1294	-0.137576
1295	-0.076773
1296	-0.115056
1297	0.289877
1298	0.127926
1299	0.164205
1300	0.177918
1301	0.127552
1302	-0.048933
1303	0.156273
1304	-0.046556
1305	0.157756
1306	0.039285
1307	-0.087238
1308	-0.200299
1309	0.092306
1310	0.236796
1311	-0.181884
1312	0.041426
1313	-0.124136
1314	-0.107358
1315	-0.071993
1316	-0.016915
1317	-0.082081
1318	-0.046101
1319	0.199495
1320	0.087926
1321	-0.220877
1322	-0.154430
1323	0.122867
1324	-0.097775
1325	0.211747
1326	-0.140457
1327	-0.154819
1328	0.035026
1329	-0.124543
1330	-0.198766
1331	-0.000540
1332	0.041057
1333	0.261098
1334	0.265440
1335	0.237702
1336	0.369438
1337	-0.138222
1338	0.199097
1339	-0.109740
1340	0.181241
1341	-0.009078
1342	0.003960
1343	-0.058659
1344	-0.047903
1345	0.206019
1346	-0.211716
1347	0.194442
1348	-0.072127
1349	-0.222253
1350	0.054137
1351	-0.125720
1352	-0.100774
1353	0.187626
1354	-0.144381
1355	0.089754
1356	0.224565
1357	0.021550
1358	-0.109056
1359	-0.148826
1360	-0.102538
1361	-0.072519
1362	-0.035859
1363	-0.034383
1364	0.082488
1365	0.071487
1366	-0.247086
1367	-0.058095
1368	-0.119497
1369	0.134285
1370	-0.083193
1371	-0.253730
1372	-0.217806
1373	0.139430
1374	-0.264676
1375	-0.178712
1376	-0.069333
1377	0.121761
1378	-0.107789
1379	0.039244
1380	-0.281852
1381	0.004156
1382	0.011053
1383	-0.000226
1384	-0.016985
1385	0.103818
1386	-0.119157
1387	0.210986
1388	-0.118317
1389	-0.181615
1390	-0.026765
1391	0.041659
1392	-0.006686
1393	0.028798
1394	-0.196540
1395	-0.090886
1396	-0.024903
1397	0.060807
1398	-0.172287
1399	0.020203
1400	0.097120
1401	0.068820
1402	0.047669
1403	0.072320
1404	-0.036540
1405	0.065197
1406	-0.225413
1407	-0.196243
1408	0.047685
1409	-0.215673
1410	0.168469
1411	0.045616
1412	-0.183569
1413	-0.210330
1414	-0.088642
1415	-0.012800
1416	0.144068
1417	-0.134983
1418	-0.212715
1419	0.045402
1420	0.147389
1421	-0.054515
1422	-0.119339
1423	0.178704
1424	0.114951
1425	0.044384
1426	-0.027613
1427	0.213216
1428	-0.012824
1429	0.144936
1430	-0.077567
1431	0.271219
1432	-0.136825
1433	0.168997
1434	-0.105867
1435	0.245760
1436	-0.029601
1437	0.092037
1438	0.134501
1439	0.236703
1440	-0.081710
1441	-0.072622
1442	-0.040428
1443	0.228665
1444	-0.210060
1445	-0.208356
1446	-0.045170
1447	0.075914
1448	-0.077037
1449	0.184512
1450	0.207740
1451	0.264992
1452	-0.174724
1453	0.187590
1454	0.212716
1455	0.177260
1456	0.169779
1457	0.028816
1458	0.053135
1459	-0.198494
1460	0.079572
1461	-0.006571
1462	-0.025018
1463	-0.227155
1464	0.113969
1465	-0.161047
1466	-0.060533
1467	-0.070860
1468	-0.050200
1469	-0.211513
1470	0.160650
1471	0.182492
1472	0.012168
1473	0.217452
1474	-0.063424
1475	0.079061
1476	-0.127376
1477	-0.099795
1478	0.204202
1479	-0.123328
1480	0.074054
1481	0.106102
1482	-0.176702
1483	-0.081610
1484	0.121910
1485	0.062932
1486	-0.229136
1487	-0.216120
1488	-0.162368
1489	-0.192238
1490	-0.212925
1491	0.096373
1492	-0.090572
1493	-0.197390
1494	0.186683
1495	-0.081673
1496	-0.114815
1497	0.124372
1498	-0.097397
1499	-0.150911
1500	0.048038
1501	-0.178465
1502	0.019788
1503	0.181001
1504	0.039094
1505	-0.012166
1506	-0.024775
1507	0.072534
1508	-0.138150
1509	0.088137
1510	0.035808
1511	-0.057978
1512	0.088357
1513	0.255817
1514	0.139886
1515	-0.101705
1516	0.125987
1517	-0.082766
1518	0.004603
1519	-0.085712
1520	-0.147786
1521	-0.081357
1522	-0.230482
1523	-0.184377
1524	-0.189522
1525	0.061508
1526	0.039049
1527	0.227885
1528	0.226952
1529	-0.075647
1530	0.145080
1531	-0.101056
1532	-0.080701
1533	0.196282
1534	-0.169516
1535	-0.045509
1536	0.196881
1537	0.284871
1538	0.139602
1539	0.131702
1540	0.066420
1541	0.018589
1542	-0.128589
1543	0.001092
1544	0.137020
1545	-0.069276
1546	-0.199783
1547	-0.140872
1548	-0.126295
1549	0.056002
1550	0.026926
1551	-0.172771
1552	-0.064521
1553	0.142624
1554	0.173697
1555	-0.172574
1556	-0.012329
1557	0.172208
1558	0.146222
1559	0.135725
1560	0.117297
1561	-0.127533
1562	-0.151504
1563	0.229731
1564	0.241039
1565	-0.131326
1566	-0.250265
1567	0.053175
1568	-0.135414
1569	0.069838
1570	-0.111876
1571	-0.101663
1572	0.123422
1573	-0.217409
1574	0.098812
1575	0.083108
1576	-0.004486
1577	-0.058798
1578	0.111814
1579	-0.111777
1580	0.204380
1581	-0.244080
1582	-0.086682
1583	0.208427
1584	0.045379
1585	-0.040972
1586	-0.222288
1587	0.060870
1588	0.079424
1589	-0.201389
1590	-0.155189
1591	-0.130552
1592	-0.140800
1593	0.191342
1594	0.030566
1595	-0.110765
1596	-0.173261
1597	-0.038404
1598	0.083606
1599	0.070948
1600	-0.099764
1601	-0.010460
1602	0.115530
1603	-0.205206
1604	0.097367
1605	0.025149
1606	0.144197
1607	0.016722
1608	-0.142450
1609	0.218425
1610	-0.005152
1611	0.175684
1612	0.114558
1613	-0.179684
1614	0.127793
1615	0.032056
1616	-0.064363
1617	0.241518
1618	-0.072545
1619	-0.045525
1620	0.050660
1621	-0.168209
1622	0.136656
1623	-0.153126
1624	-0.200672
1625	-0.047598
1626	-0.183962
1627	-0.087646
1628	0.008068
1629	0.181103
1630	-0.122083
1631	-0.197011
1632	-0.269895
1633	-0.030173
1634	0.037960
1635	0.108092
1636	-0.215218
1637	0.194587
1638	0.149271
1639	-0.063664
1640	-0.147940
1641	-0.090422
1642	0.147558
1643	0.179824
1644	0.010403
1645	-0.137662
1646	0.019527
1647	-0.175259
1648	0.230152
1649	-0.157083
1650	-0.136836
1651	-0.049091
1652	-0.080658
1653	0.100621
1654	0.130649
1655	-0.004935
1656	0.205414
1657	0.211978
1658	0.211485
1659	0.055697
1660	0.038021
1661	-0.122722
1662	-0.222273
1663	-0.216163
1664	0.104792
1665	0.178914
1666	0.264137
1667	-0.016123
1668	-0.205690
1669	0.150823
1670	-0.163606
1671	0.255680
1672	-0.187208
1673	-0.230673
1674	0.267620
1675	0.197622
1676	0.110483
1677	0.006634
1678	-0.177815
1679	0.239834
1680	0.301083
1681	-0.174733
1682	-0.010953
1683	-0.009508
1684	0.138102
1685	-0.061289
1686	0.019359
1687	0.080663
1688	0.185971
1689	0.223396
1690	-0.052599
1691	0.012957
1692	-0.182430
1693	-0.058464
1694	-0.039954
1695	-0.050658
1696	0.193144
1697	0.198595
1698	0.040804
1699	-0.210740
1700	0.120659
1701	0.144169
1702	0.174779
1703	-0.150400
1704	-0.019536
1705	-0.176613
1706	0.042843
1707	0.218925
1708	0.032177
1709	0.073889
1710	-0.076189
1711	-0.139972
1712	-0.231139
1713	-0.177878
1714	0.085448
1715	-0.132911
1716	0.248132
1717	-0.209884
1718	-0.216623
1719	0.106795
1720	0.059575
1721	-0.112112
1722	0.178029
1723	0.029812
1724	0.109838
1725	-0.149597
1726	-0.110947
1727	0.163945
1728	0.137858
1729	0.011457
1730	0.182520
1731	0.019745
1732	0.149346
1733	-0.122358
1734	-0.209019
1735	0.018127
1736	0.043708
1737	0.052226
1738	0.166044
1739	0.008354
1740	0.161877
1741	0.174984
1742	-0.009830
1743	-0.200469
1744	-0.105968
1745	-0.159908
1746	-0.133629
1747	-0.173197
1748	0.006090
1749	0.172612
1750	0.038375
1751	-0.166732
1752	0.016830
1753	-0.102851
1754	0.059588
1755	-0.209068
1756	-0.027002
1757	-0.118406
1758	-0.171686
1759	0.066828
1760	-0.220868
1761	-0.137586
1762	0.084693
1763	0.102253
1764	0.117279
1765	-0.129478
1766	-0.133427
1767	0.100690
1768	-0.010590
1769	0.003810
1770	0.074763
1771	-0.242952
1772	-0.071108
1773	0.188547
1774	0.243122
1775	0.191554
1776	0.107633
1777	0.021038
1778	0.247263
1779	-0.200763
1780	-0.352392
1781	-0.376278
1782	-0.002762
1783	-0.228727
1784	-0.283884
1785	-0.490382
1786	-0.226767
1787	-0.038533
1788	0.155365
1789	-0.012898
1790	-0.048101
1791	0.206702
1792	0.179385
1793	-0.067607
1794	0.100424
1795	-0.030066
1796	-0.160352
1797	0.250117
1798	0.107910
1799	-0.064364
1800	0.146583
1801	0.120123
1802	-0.215025
1803	0.020578
1804	-0.186783
1805	0.153462
1806	0.063144
1807	0.083629
1808	0.068733
1809	-0.061618
1810	0.212718
1811	-0.025183
1812	0.183034
1813	-0.163540
1814	-0.138363
1815	0.075573
1816	0.228198
1817	-0.011338
1818	-0.167235
1819	0.077479
1820	-0.178525
1821	-0.070124
1822	-0.159617
1823	0.219969
1824	-0.093150
1825	-0.151657
1826	0.271577
1827	-0.111614
1828	-0.014456
1829	-0.051566
1830	-0.029013
1831	0.086400
1832	-0.123118
1833	-0.212002
1834	0.009934
1835	-0.075691
1836	0.123737
1837	0.276842
1838	0.122822
1839	0.246592
1840	-0.154822
1841	-0.036385
1842	0.014270
1843	0.155147
1844	0.159977
1845	0.147657
1846	0.255815
1847	0.287935
1848	-0.156452
1849	-0.088342
1850	-0.130910
1851	-0.078756
1852	0.146827
1853	-0.440613
1854	-0.172974
1855	0.063685
1856	-0.210670
1857	0.199012
1858	-0.097708
1859	-0.043989
1860	-0.056296
1861	0.217052
1862	-0.032818
1863	0.046144
1864	0.180311
1865	0.110592
1866	0.203063
1867	0.104962
1868	-0.162245
1869	0.197841
1870	-0.186030
1871	0.105609
1872	0.098057
1873	0.101892
1874	-0.150307
1875	-0.011926
1876	-0.228991
1877	-0.212707
1878	0.194441
1879	0.068173
1880	0.190624
1881	-0.045451
1882	0.197537
1883	-0.189927
1884	0.107042
1885	-0.043413
1886	0.161789
1887	0.147592
1888	-0.159783
1889	-0.084905
1890	-0.250697
1891	0.023683
1892	-0.103323
1893	0.203236
1894	-0.158998
1895	-0.187522
1896	-0.100861
1897	0.010903
1898	-0.072929
1899	0.104005
1900	-0.040516
1901	0.243673
1902	-0.025204
1903	0.134056
1904	-0.074561
1905	0.222019
1906	0.239273
1907	-0.060270
1908	-0.007951
1909	-0.104103
1910	-0.238570
1911	0.193020
1912	-0.212745
1913	-0.044061
1914	-0.080950
1915	-0.193396
1916	0.182711
1917	-0.148241
1918	0.125841
1919	0.092555
1920	0.175468
1921	0.103008
1922	-0.034996
1923	0.075793
1924	-0.150497
1925	0.065848
1926	-0.068579
1927	0.004230
1928	-0.000239
1929	0.191189
1930	0.053865
1931	-0.225395
1932	-0.028592
1933	0.168243
1934	0.145743
1935	0.074100
1936	0.171274
1937	0.065998
1938	-0.006629
1939	0.232744
1940	-0.214368
1941	0.000845
1942	0.138302
1943	-0.229542
1944	0.222905
1945	-0.128545
1946	-0.096118
1947	-0.141119
1948	0.171164
1949	-0.051911
1950	-0.119977
1951	0.208870
1952	-0.153768
1953	-0.214727
1954	0.060868
1955	0.211729
1956	0.118109
1957	-0.102013
1958	0.151849
1959	-0.252824
1960	-0.023696
1961	-0.229929
1962	-0.193144
1963	0.043138
1964	0.159650
1965	-0.021081
1966	-0.130141
1967	-0.101747
1968	-0.028442
1969	-0.074396
1970	0.136938
1971	-0.078399
1972	0.161343
1973	-0.027855
1974	-0.211262
1975	-0.057891
1976	0.075491
1977	-0.185293
1978	0.034035
1979	0.121281
1980	-0.115323
1981	0.002235
1982	0.137164
1983	0.076614
1984	0.076806
1985	-0.040500
1986	-0.256619
1987	0.047028
1988	0.052468
1989	0.211705
1990	-0.055334
1991	-0.152211
1992	-0.109903
1993	-0.030851
1994	-0.262963
1995	-0.087848
1996	-0.141637
1997	0.092109
1998	-0.156287
1999	-0.205290
2000	-0.004270
2001	0.086844
2002	0.075504
2003	-0.112718
2004	0.103536
2005	0.048302
2006	-0.180796
2007	-0.192811
2008	0.173176
2009	0.084792
2010	0.219654
2011	0.169835
2012	0.074417
2013	0.164105
2014	-0.195924
2015	-0.150767
2016	0.088448
2017	-0.189197
2018	0.069278
2019	0.059651
2020	0.057715
2021	-0.228205
2022	-0.172421
2023	-0.136349
2024	0.138496
2025	-0.088059
2026	-0.027452
2027	-0.132091
2028	-0.132723
2029	-0.248083
2030	0.126951
2031	0.032367
2032	-0.079022
2033	-0.177615
2034	-0.048442
2035	-0.025924
2036	0.195050
2037	-0.205670
2038	0.164419
2039	0.081994
2040	0.082966
2041	0.064579
2042	0.125461
2043	0.029739
2044	0.226498
2045	0.016666
2046	0.012338
2047	0.020451
2048	0.069236
2049	0.025341
2050	0.045915
2051	0.179952
2052	-0.058403
2053	0.178017
2054	0.146142
2055	0.004938
2056	0.236583
2057	0.146709
2058	-0.154900
2059	-0.057280
2060	0.218605
2061	-0.127885
2062	-0.064296
2063	-0.103208
2064	0.119480
2065	0.089124
2066	0.119527
2067	-0.096808
2068	-0.124378
2069	-0.241319
2070	-0.128368
2071	-0.205782
2072	0.078510
2073	0.246549
2074	0.104786
2075	-0.128857
2076	0.044731
2077	-0.081770
2078	-0.047947
2079	-0.077115
2080	0.064638
2081	0.102169
2082	0.250673
2083	-0.146664
2084	-0.009485
2085	0.006556
2086	0.146701
2087	0.255107
2088	0.175408
2089	-0.211119
2090	-0.142108
2091	0.233147
2092	-0.133826
2093	0.012863
2094	0.075277
2095	0.141066
2096	0.023876
2097	-0.079853
2098	-0.196092
2099	-0.218794
2100	0.108262
2101	-0.157077
2102	-0.089459
2103	-0.114674
2104	0.126310
2105	-0.014912
2106	0.164315
2107	-0.139448
2108	-0.012866
2109	0.218582
2110	0.001830
2111	0.262442
2112	0.175425
2113	0.089965
2114	-0.218031
2115	0.223483
2116	-0.043850
2117	0.008145
2118	0.202873
2119	0.045141
2120	-0.074873
2121	-0.230825
2122	-0.045206
2123	0.123024
2124	-0.063588
2125	0.006818
2126	-0.208244
2127	-0.134497
2128	0.179136
2129	0.251145
2130	0.110840
2131	-0.230236
2132	-0.203105
2133	-0.212730
2134	0.125835
2135	0.097980
2136	0.133377
2137	0.284910
2138	0.053081
2139	0.215690
2140	-0.109600
2141	-0.255826
2142	0.050463
2143	0.126333
2144	0.064931
2145	0.051088
2146	0.046865
2147	0.124534
2148	0.184999
2149	-0.243494
2150	-0.107388
2151	-0.055103
2152	0.015937
2153	-0.040479
2154	-0.200814
2155	-0.166812
2156	-0.241666
2157	0.107508
2158	0.156465
2159	-0.126119
2160	-0.052311
2161	0.079011
2162	-0.099726
2163	0.157853
2164	0.154406
2165	-0.227194
2166	0.088239
2167	-0.101748
2168	0.097265
2169	-0.059619
2170	-0.265305
2171	-0.195211
2172	0.057771
2173	0.113857
2174	0.061518
2175	0.071351
2176	0.216976
2177	0.052680
2178	-0.198609
2179	0.042322
2180	-0.205230
2181	-0.182375
2182	-0.039137
2183	0.131528
2184	0.208877
2185	0.039842
2186	-0.086587
2187	0.156355
2188	-0.053043
2189	0.021869
2190	0.070721
2191	0.110854
2192	-0.096885
2193	-0.009882
2194	0.059423
2195	0.095002
2196	-0.054740
2197	0.012009
2198	0.122809
2199	0.190816
2200	0.017733
2201	0.011230
2202	-0.161330
2203	-0.244414
2204	-0.249469
2205	0.131265
2206	0.114596
2207	0.043784
2208	0.130876
2209	0.041967
2210	-0.237419
2211	0.190113
2212	-0.183763
2213	0.144361
2214	-0.225818
2215	-0.125431
2216	0.067810
2217	-0.208342
2218	0.097782
2219	-0.288435
2220	0.055159
2221	-0.225297
2222	-0.188556
2223	0.102436
2224	-0.400404
2225	-0.243082
2226	-0.087607
2227	-0.102795
2228	0.170399
2229	-0.234829
2230	-0.151224
2231	0.120417
2232	0.069033
2233	-0.187713
2234	-0.114860
2235	0.072092
2236	-0.063435
2237	-0.079123
2238	0.123823
2239	-0.126354
2240	-0.075094
2241	0.071612
2242	0.137036
2243	-0.212300
2244	-0.100012
2245	-0.067688
2246	0.145037
2247	-0.033350
2248	0.208716
2249	0.138263
2250	0.038807
2251	0.193774
2252	0.233433
2253	0.081859
2254	0.133592
2255	0.106166
2256	0.076485
2257	0.139574
2258	-0.107422
2259	0.057498
2260	0.141271
2261	-0.108575
2262	0.265109
2263	0.025421
2264	0.179474
2265	-0.061445
2266	0.235144
2267	-0.073161
2268	-0.208692
2269	-0.199993
2270	-0.009900
2271	-0.085658
2272	-0.130669
2273	0.187762
2274	0.126831
2275	0.199453
2276	-0.105367
2277	0.055622
2278	0.045198
2279	-0.329834
2280	0.120141
2281	-0.076847
2282	0.091805
2283	0.113126
2284	0.005132
2285	0.194255
2286	0.136819
2287	-0.192139
2288	0.074332
2289	-0.017452
2290	0.138902
2291	0.008409
2292	0.082292
2293	0.005870
2294	-0.266903
2295	-0.073494
2296	-0.173808
2297	0.044909
2298	-0.201563
2299	0.015622
2300	0.174326
2301	0.126967
2302	0.113657
2303	-0.050482
2304	0.097773
2305	-0.196673
2306	-0.165515
2307	-0.191105
2308	0.173227
2309	-0.161852
2310	0.199738
2311	-0.131058
2312	-0.165666
2313	0.020692
2314	0.004246
2315	0.237769
2316	-0.003479
2317	-0.104562
2318	-0.027593
2319	-0.112805
2320	-0.006055
2321	0.246069
2322	-0.139395
2323	0.041247
2324	-0.137670
2325	0.186694
2326	-0.117941
2327	0.214490
2328	0.097217
2329	0.046765
2330	-0.049525
2331	0.210823
2332	0.172723
2333	0.103216
2334	-0.230591
2335	-0.154433
2336	-0.173814
2337	-0.026013
2338	0.027055
2339	-0.154005
2340	0.026905
2341	-0.079512
2342	-0.162305
2343	0.156636
2344	0.013233
2345	-0.160179
2346	0.157724
2347	-0.013080
2348	-0.263745
2349	-0.116887
2350	0.062020
2351	0.016599
2352	0.188703
2353	-0.000307
2354	-0.109614
2355	0.028968
2356	0.118215
2357	-0.091048
2358	0.076098
2359	-0.164736
2360	0.104827
2361	-0.081589
2362	0.189752
2363	-0.123850
2364	-0.200276
2365	-0.279319
2366	-0.064131
2367	0.015550
2368	0.035314
2369	0.123628
2370	-0.212531
2371	-0.036979
2372	-0.060933
2373	0.045105
2374	0.214086
2375	-0.085681
2376	0.192743
2377	0.161609
2378	-0.069147
2379	0.258683
2380	-0.184740
2381	0.181722
2382	0.087981
2383	0.058598
2384	0.082769
2385	0.217551
2386	-0.065552
2387	-0.049018
2388	0.023844
2389	-0.161286
2390	0.063377
2391	-0.168763
2392	-0.027402
2393	-0.176177
2394	-0.297923
2395	-0.037518
2396	-0.085022
2397	-0.084162
2398	0.018144
2399	-0.011992
2400	0.196322
2401	-0.246402
2402	0.210686
2403	0.023744
2404	0.027581
2405	0.037166
2406	-0.220303
2407	0.258923
2408	-0.178351
2409	-0.230701
2410	-0.176758
2411	-0.245223
2412	-0.192507
2413	0.213653
2414	0.114159
2415	-0.223726
2416	0.234166
2417	-0.050874
2418	-0.134119
2419	0.150132
2420	0.098398
2421	0.201057
2422	0.150121
2423	0.163116
2424	0.061605
2425	-0.079591
2426	0.180667
2427	-0.163903
2428	0.113320
2429	-0.018723
2430	0.296020
2431	0.222816
2432	-0.130566
2433	0.034161
2434	0.248267
2435	0.241408
2436	0.174903
2437	-0.164207
2438	0.239877
2439	-0.020940
2440	-0.056027
2441	-0.153485
2442	-0.041616
2443	-0.227289
2444	-0.289755
2445	-0.262115
2446	0.145010
2447	0.092470
2448	0.145781
2449	-0.081643
2450	-0.065854
2451	0.194352
2452	-0.070504
2453	-0.218429
2454	-0.164477
2455	0.101272
2456	0.024211
2457	0.178116
2458	-0.022414
2459	0.195448
2460	-0.206396
2461	0.211557
2462	0.174495
2463	0.171989
2464	0.119799
2465	0.002536
2466	0.270060
2467	-0.043152
2468	0.170623
2469	0.011036
2470	0.059045
2471	0.107525
2472	0.170003
2473	0.195270
2474	0.073579
2475	-0.200629
2476	-0.231219
2477	-0.111595
2478	-0.007285
2479	-0.046488
2480	-0.138469
2481	0.008506
2482	-0.186077
2483	-0.014370
2484	0.142911
2485	0.216971
2486	0.087396
2487	0.083956
2488	0.138157
2489	0.177616
2490	-0.215679
2491	0.095332
2492	-0.026482
2493	-0.186975
2494	-0.131075
2495	0.017889
2496	-0.065184
2497	-0.184062
2498	0.250299
2499	-0.111072
2500	-0.219387
2501	0.217320
2502	-0.083914
2503	-0.186623
2504	-0.001580
2505	-0.034807
2506	0.112585
2507	0.199036
2508	-0.127953
2509	-0.047891
2510	0.244266
2511	0.104978
2512	0.118239
2513	0.353069
2514	-0.188829
2515	-0.108755
2516	0.002649
2517	0.016261
2518	0.013334
2519	-0.259505
2520	-0.062095
2521	0.271103
2522	-0.213900
2523	-0.240370
2524	-0.259749
2525	0.242781
2526	0.009126
2527	-0.239822
2528	0.251077
2529	0.135708
2530	-0.021251
2531	0.143207
2532	-0.021981
2533	0.139564
2534	0.155589
2535	0.065488
2536	0.125216
2537	-0.007634
2538	-0.029464
2539	0.153885
2540	0.151605
2541	0.090031
2542	-0.162705
2543	-0.105745
2544	0.241259
2545	-0.061670
2546	-0.215250
2547	-0.043902
2548	0.099349
2549	0.231173
2550	-0.093976
2551	-0.074550
2552	0.184049
2553	0.044213
2554	0.102588
2555	-0.208884
2556	-0.167597
2557	0.234304
2558	0.163302
2559	-0.206446
2560	0.139201
2561	-0.130572
2562	-0.063890
2563	-0.219692
2564	-0.223205
2565	-0.177970
2566	-0.179889
2567	0.175596
2568	-0.241007
2569	0.146178
2570	0.154778
2571	-0.080654
2572	-0.177916
2573	0.134505
2574	-0.197256
2575	-0.149207
2576	0.029962
2577	-0.005417
2578	-0.050631
2579	0.059021
2580	-0.110499
2581	-0.073677
2582	0.056202
2583	-0.155942
2584	-0.010001
2585	-0.051282
2586	0.232103
2587	0.260817
2588	-0.130186
2589	0.111171
2590	-0.102479
2591	0.193284
2592	-0.203739
2593	0.108963
2594	0.053033
2595	0.240517
2596	0.120266
2597	-0.174909
2598	0.251937
2599	-0.137090
2600	-0.076632
2601	0.167991
2602	0.087352
2603	0.207760
2604	-0.086887
2605	0.023399
2606	0.197259
2607	-0.111655
2608	-0.151881
2609	0.238137
2610	-0.204624
2611	-0.101264
2612	-0.030804
2613	-0.132982
2614	-0.026061
2615	0.231310
2616	-0.175852
2617	0.228626
2618	-0.090542
2619	-0.127302
2620	-0.137408
2621	-0.217959
2622	-0.030985
2623	0.187244
2624	-0.134020
2625	0.158813
2626	-0.110585
2627	-0.059516
2628	-0.137675
2629	-0.233034
2630	0.182241
2631	-0.220331
2632	-0.025163
2633	0.070202
2634	-0.011864
2635	-0.119106
2636	-0.152431
2637	-0.074430
2638	0.130936
2639	0.192491
2640	0.082654
2641	0.075202
2642	-0.115026
2643	-0.039167
2644	-0.169560
2645	0.163879
2646	-0.119586
2647	0.165620
2648	-0.035658
2649	0.043629
2650	0.054367
2651	-0.096276
2652	-0.228651
2653	-0.141366
2654	0.163069
2655	-0.100311
2656	-0.125584
2657	0.072267
2658	-0.216454
2659	0.199337
2660	0.023508
2661	-0.175509
2662	0.109875
2663	0.201203
2664	0.197236
2665	-0.155922
2666	0.151401
2667	0.193559
2668	-0.226301
2669	0.167910
2670	0.197173
2671	-0.148704
2672	0.143475
2673	-0.148345
2674	0.026734
2675	0.112160
2676	-0.043935
2677	-0.275996
2678	-0.106269
2679	0.025603
2680	0.121945
2681	-0.146634
2682	-0.145305
2683	0.175967
2684	0.056528
2685	-0.083155
2686	-0.175207
2687	-0.050000
2688	0.072735
2689	0.175648
2690	0.135100
2691	0.116611
2692	0.116112
2693	-0.211812
2694	-0.155836
2695	-0.094225
2696	0.048944
2697	-0.212994
2698	-0.112797
2699	0.030927
2700	-0.237354
2701	-0.127900
2702	0.108485
2703	-0.071888
2704	-0.084770
2705	0.210988
2706	-0.289205
2707	0.203407
2708	-0.224965
2709	0.022826
2710	-0.074182
2711	-0.287478
2712	-0.080004
2713	-0.264744
2714	0.162121
2715	0.130330
2716	0.196033
2717	0.161137
2718	0.192454
2719	-0.017262
2720	0.121703
2721	0.139321
2722	0.057556
2723	0.116673
2724	-0.678520
2725	0.064627
2726	0.080579
2727	-0.198988
2728	0.165365
2729	0.015118
2730	-0.072523
2731	-0.036381
2732	0.189613
2733	-0.127625
2734	0.115839
2735	-0.117970
2736	0.006950
2737	0.161533
2738	0.136171
2739	0.148507
2740	0.123052
2741	0.212666
2742	-0.003182
2743	-0.218821
2744	0.035435
2745	-0.188353
2746	-0.171412
2747	-0.015446
2748	-0.255408
2749	-0.108343
2750	0.073912
2751	0.101612
2752	0.096408
2753	0.190000
2754	0.130134
2755	-0.247625
2756	0.005323
2757	0.175280
2758	-0.106105
2759	0.016361
2760	0.039181
2761	-0.242767
2762	0.034952
2763	0.026617
2764	-0.135503
2765	0.123591
2766	-0.076714
2767	-0.019826
2768	-0.112136
2769	0.111931
2770	0.120042
2771	-0.007851
2772	-0.039407
2773	-0.142273
2774	-0.217614
2775	0.159746
2776	-0.052874
2777	-0.214557
2778	-0.102046
2779	0.118467
2780	0.180890
2781	0.166905
2782	-0.217327
2783	0.198405
2784	0.197394
2785	0.047714
2786	0.073151
2787	-0.039941
2788	0.024315
2789	-0.035152
2790	-0.178631
2791	0.202458
2792	0.154796
2793	-0.033193
2794	0.025545
2795	-0.124422
2796	-0.073296
2797	-0.008070
2798	-0.152354
2799	0.158634
2800	-0.165925
2801	-0.022497
2802	-0.242503
2803	0.098729
2804	0.148834
2805	0.005086
2806	0.234079
2807	-0.100720
2808	-0.007419
2809	0.026155
2810	-0.219195
2811	0.048892
2812	0.081896
2813	0.180367
2814	-0.033972
2815	-0.161150
2816	-0.169845
2817	0.132315
2818	0.190246
2819	-0.105139
2820	0.234817
2821	-0.083037
2822	-0.145469
2823	-0.043464
2824	0.182973
2825	0.245633
2826	-0.218465
2827	0.055589
2828	-0.023962
2829	0.273099
2830	-0.213473
2831	-0.024628
2832	-0.072105
2833	-0.141392
2834	0.019796
2835	-0.152387
2836	0.050994
2837	0.261523
2838	-0.113490
2839	0.064001
2840	-0.101201
2841	0.185151
2842	0.230773
2843	-0.066332
2844	0.128302
2845	0.020832
2846	-0.028076
2847	0.030225
2848	0.110002
2849	-0.206839
2850	-0.166723
2851	-0.105053
2852	-0.170157
2853	-0.034102
2854	-0.082032
2855	0.090524
2856	0.086418
2857	0.122114
2858	0.020940
2859	0.067113
2860	-0.024582
2861	-0.073924
2862	-0.020801
2863	0.006474
2864	-0.149084
2865	-0.203789
2866	0.054711
2867	0.056845
2868	0.163481
2869	0.079743
2870	0.128471
2871	-0.208369
2872	-0.174857
2873	0.103726
2874	0.174816
2875	-0.336627
2876	0.046656
2877	0.192153
2878	-0.414039
2879	-0.425811
2880	-0.188585
2881	0.134539
2882	0.001889
2883	0.012802
2884	-0.020614
2885	0.103902
2886	0.199320
2887	0.017275
2888	0.099655
2889	0.077264
2890	-0.074183
2891	0.143598
2892	0.185522
2893	-0.158307
2894	-0.103698
2895	0.155929
2896	0.006228
2897	0.179803
2898	0.140378
2899	0.020144
2900	0.201430
2901	0.093241
2902	-0.125549
2903	0.107793
2904	-0.060351
2905	0.162399
2906	-0.020507
2907	-0.012778
2908	0.049404
2909	-0.228972
2910	-0.252713
2911	0.167061
2912	-0.164255
2913	-0.099739
2914	0.106332
2915	-0.096695
2916	-0.039776
2917	-0.058828
2918	-0.141950
2919	0.124422
2920	0.121545
2921	0.124903
2922	0.225945
2923	-0.216541
2924	-0.097134
2925	0.001484
2926	0.004282
2927	-0.220254
2928	-0.045285
2929	-0.020851
2930	-0.185233
2931	0.186139
2932	-0.226372
2933	0.107385
2934	-0.193260
2935	0.204716
2936	0.162509
2937	0.054083
2938	-0.122749
2939	-0.039499
2940	0.019378
2941	0.102368
2942	0.172765
2943	-0.018184
2944	-0.096111
2945	-0.104657
2946	0.171945
2947	-0.197102
2948	-0.162979
2949	-0.044515
2950	-0.183995
2951	0.241719
2952	-0.100006
2953	0.209620
2954	0.172790
2955	-0.103057
2956	-0.065434
2957	-0.059621
2958	-0.167901
2959	0.265585
2960	-0.008101
2961	0.143289
2962	0.264232
2963	0.085782
2964	0.041257
2965	-0.157310
2966	-0.054748
2967	-0.048765
2968	0.029778
2969	0.137063
2970	-0.149074
2971	-0.239579
2972	-0.005868
2973	-0.055752
2974	0.080652
2975	-0.076794
2976	0.111187
2977	0.224458
2978	0.085480
2979	-0.161003
2980	-0.145390
2981	-0.077947
2982	-0.220575
2983	0.057630
2984	0.216643
2985	0.072698
2986	-0.193041
2987	0.115515
2988	-0.215143
2989	0.059130
2990	-0.646977
2991	0.464357
2992	0.445142
2993	0.053953
2994	-0.112863
2995	0.068205
2996	-0.076309
2997	-0.176589
2998	0.036935
2999	-0.140926
3000	-0.061814
3001	0.128824
3002	-0.221401
3003	0.211241
3004	-0.064264
3005	0.037160
3006	0.112166
3007	-0.054253
3008	-0.181334
3009	0.025601
3010	-0.019548
3011	0.167079
3012	0.212642
3013	-0.007492
3014	-0.173702
3015	-0.066503
3016	0.160228
3017	-0.113451
3018	-0.210056
3019	-0.034523
3020	0.229025
3021	0.102353
3022	-0.113159
3023	0.029579
3024	-0.101316
3025	-0.199197
3026	0.127289
3027	0.150555
3028	-0.160810
3029	-0.097724
3030	-0.030648
3031	-0.077787
3032	0.023350
3033	-0.061741
3034	0.055541
3035	0.152107
3036	-0.184721
3037	-0.027460
3038	0.102235
3039	-0.163146
3040	0.187549
3041	-0.104326
3042	0.202444
3043	-0.185383
3044	-0.162165
3045	-0.233479
3046	0.097238
3047	-0.034135
3048	0.093568
3049	0.046292
3050	0.034146
3051	0.216002
3052	0.068397
3053	-0.054746
3054	0.144750
3055	0.146381
3056	0.098815
3057	0.019542
3058	0.103386
3059	-0.155694
3060	-0.026213
3061	0.129062
3062	-0.131752
3063	-0.163492
3064	0.108237
3065	-0.023341
3066	-0.131590
3067	0.007707
3068	0.179513
3069	0.036046
3070	0.020739
3071	0.075805
3072	0.021221
3073	-0.263706
3074	-0.300508
3075	-0.107896
3076	0.115816
3077	-0.211258
3078	-0.171166
3079	0.101689
3080	-0.101535
3081	0.030780
3082	-0.233047
3083	-0.078672
3084	-0.192812
3085	0.131151
3086	-0.266366
3087	-0.120154
3088	0.069126
3089	0.137493
3090	0.077830
3091	-0.085867
3092	0.186726
3093	0.070263
3094	0.156664
3095	-0.025794
3096	-0.097985
3097	-0.049969
3098	-0.004557
3099	-0.168637
3100	-0.247853
3101	0.106543
3102	-0.211260
3103	0.122148
3104	-0.091732
3105	0.035208
3106	0.234970
3107	-0.135067
3108	0.031983
3109	0.104762
3110	-0.226637
3111	0.245485
3112	-0.240931
3113	0.206511
3114	0.144274
3115	0.148399
3116	0.203169
3117	0.172826
3118	0.187784
3119	0.146895
3120	-0.169668
3121	-0.055717
3122	-0.088524
3123	-0.116146
3124	0.195845
3125	0.236416
3126	0.247176
3127	-0.078294
3128	0.155771
3129	0.153555
3130	0.008993
3131	-0.170370
3132	-0.090595
3133	0.047807
3134	0.105803
3135	0.100659
3136	-0.020349
3137	-0.007000
3138	-0.141203
3139	-0.137537
3140	-0.241219
3141	0.227104
3142	0.015034
3143	0.224358
3144	-0.004264
3145	-0.022750
3146	-0.220563
3147	0.032883
3148	-0.207590
3149	0.214352
3150	-0.241416
3151	-0.170799
3152	-0.076085
3153	0.247098
3154	0.080566
3155	-0.158089
3156	-0.109213
3157	-0.230350
3158	-0.154111
3159	0.096822
3160	-0.059522
3161	-0.097083
3162	0.204972
3163	0.152642
3164	0.132065
3165	0.041024
3166	0.000022
3167	0.055595
3168	-0.075918
3169	0.055151
3170	-0.022670
3171	0.249471
3172	-0.160744
3173	0.095396
3174	0.130724
3175	-0.007417
3176	0.257836
3177	0.049646
3178	0.121660
3179	-0.151012
3180	0.182127
3181	0.179269
3182	-0.055057
3183	0.140530
3184	-0.195101
3185	-0.143833
3186	-0.111831
3187	-0.059469
3188	-0.099150
3189	0.044992
3190	-0.189032
3191	-0.018836
3192	-0.131003
3193	0.197361
3194	0.096140
3195	-0.035792
3196	0.264693
3197	0.199941
3198	-0.167481
3199	-0.150499
3200	0.077749
3201	-0.142683
3202	0.227615
3203	0.253180
3204	-0.158757
3205	0.072481
3206	0.024910
3207	0.051650
3208	0.099364
3209	0.148522
3210	0.190632
3211	-0.192013
3212	0.149392
3213	-0.080181
3214	-0.170265
3215	-0.175686
3216	0.016571
3217	0.149971
3218	-0.188500
3219	0.046433
3220	-0.020269
3221	-0.164297
3222	0.007531
3223	-0.159292
3224	0.148920
3225	-0.065774
3226	0.175997
3227	-0.230432
3228	0.205980
3229	-0.066795
3230	0.181224
3231	0.151635
3232	0.164585
3233	-0.162684
3234	-0.090051
3235	0.073075
3236	-0.235068
3237	0.252954
3238	0.138023
3239	0.227986
3240	-0.009081
3241	0.145284
3242	-0.004446
3243	-0.173149
3244	0.208052
3245	-0.212461
3246	-0.070870
3247	0.138151
3248	-0.097496
3249	-0.149032
3250	-0.153357
3251	0.039315
3252	-0.024021
3253	0.145006
3254	-0.167053
3255	0.089053
3256	-0.026088
3257	-0.181677
3258	-0.048256
3259	0.065575
3260	-0.188298
3261	-0.184697
3262	0.196832
3263	0.013291
3264	0.021495
3265	0.110207
3266	0.002435
3267	-0.001490
3268	-0.247584
3269	-0.221832
3270	0.066092
3271	0.119479
3272	0.189889
3273	-0.055414
3274	-0.026288
3275	0.029018
3276	0.060581
3277	0.151628
3278	0.257353
3279	0.113035
3280	-0.033410
3281	-0.100656
3282	0.198236
3283	-0.190516
3284	0.156340
3285	-0.078390
3286	0.103927
3287	-0.029489
3288	-0.147795
3289	-0.071719
3290	-0.010233
3291	-0.194749
3292	0.004519
3293	0.002687
3294	-0.181461
3295	-0.251144
3296	0.112986
3297	0.156163
3298	-0.025475
3299	0.055616
3300	-0.116951
3301	-0.091639
3302	0.013179
3303	-0.023877
3304	-0.116469
3305	-0.012460
3306	-0.129797
3307	0.197952
3308	-0.085045
3309	0.061274
3310	0.126395
3311	0.009184
3312	0.101024
3313	0.129461
3314	-0.029747
3315	0.084364
3316	-0.168488
3317	0.127042
3318	-0.131328
3319	-0.170451
3320	0.086169
3321	0.038275
3322	0.152404
3323	0.181237
3324	0.083371
3325	0.147752
3326	-0.234376
3327	-0.056815
3328	0.154935
3329	0.019327
3330	-0.123953
3331	0.133301
3332	0.099250
3333	-0.244013
3334	-0.224633
3335	0.073664
3336	-0.239716
3337	-0.044146
3338	0.004429
3339	-0.059825
3340	-0.162271
3341	-0.159889
3342	-0.239512
3343	0.024171
3344	0.142403
3345	0.184188
3346	0.045846
3347	0.086714
3348	0.111590
3349	-0.034447
3350	-0.162815
3351	0.102681
3352	0.222533
3353	0.204739
3354	-0.002558
3355	0.222753
3356	0.179453
3357	-0.158443
3358	0.141368
3359	-0.023563
3360	0.024132
3361	-0.088010
3362	-0.175285
3363	0.250766
3364	0.030918
3365	-0.137711
3366	-0.179744
3367	-0.050551
3368	0.222513
3369	0.223673
3370	-0.051838
3371	-0.096089
3372	-0.025516
3373	0.002859
3374	-0.133743
3375	-0.079810
3376	-0.229437
3377	0.162798
3378	0.126406
3379	0.081920
3380	0.043949
3381	-0.229310
3382	-0.200566
3383	0.013318
3384	-0.122648
3385	-0.098801
3386	0.042315
3387	0.151594
3388	-0.224982
3389	-0.017658
3390	0.066970
3391	-0.212375
3392	0.139623
3393	-0.118303
3394	-0.116979
3395	0.003623
3396	-0.241998
3397	0.150738
3398	-0.170454
3399	-0.152846
3400	0.062254
3401	-0.131878
3402	-0.014610
3403	-0.176868
3404	0.158146
3405	-0.040747
3406	-0.107475
3407	0.084267
3408	-0.105894
3409	0.211588
3410	0.137256
3411	-0.161311
3412	0.097269
3413	-0.116482
3414	0.091125
3415	0.044225
3416	-0.250115
3417	0.047293
3418	0.078479
3419	-0.035998
3420	-0.186231
3421	-0.013420
3422	0.136063
3423	0.209886
3424	0.148594
3425	0.172244
3426	0.189744
3427	0.024360
3428	0.028692
3429	0.081411
3430	0.002081
3431	0.151570
3432	-0.099312
3433	0.046925
3434	0.018622
3435	0.175423
3436	-0.195294
3437	0.001050
3438	0.227655
3439	-0.011478
3440	0.034469
3441	-0.255997
3442	0.162764
3443	-0.226081
3444	0.026679
3445	0.204091
3446	-0.263618
3447	-0.039001
3448	0.050934
3449	-0.204769
3450	0.021950
3451	-0.101253
3452	-0.166887
3453	0.187032
3454	0.059605
3455	0.315149
3456	-0.042932
3457	-0.144654
3458	0.088523
3459	0.156152
3460	-0.063514
3461	-0.254144
3462	0.130678
3463	0.034089
3464	-0.204694
3465	-0.153066
3466	0.088701
3467	-0.111861
3468	0.173768
3469	0.151255
3470	-0.031782
3471	-0.113516
3472	0.168319
3473	0.216330
3474	0.069312
3475	-0.020535
3476	0.184528
3477	-0.094304
3478	-0.127199
3479	-0.247502
3480	-0.075051
3481	-0.237982
3482	-0.206744
3483	-0.271920
3484	0.044769
3485	0.044853
3486	-0.098959
3487	-0.000717
3488	0.037616
3489	0.192836
3490	0.023275
3491	-0.031852
3492	0.173860
3493	-0.091020
3494	-0.028395
3495	-0.039713
3496	-0.129922
3497	0.261276
3498	-0.082142
3499	0.124900
3500	0.080200
3501	-0.165652
3502	-0.098804
3503	-0.182258
3504	-0.091421
3505	-0.124714
3506	0.084087
3507	0.098419
3508	0.086224
3509	-0.209689
3510	0.096235
3511	-0.028650
3512	-0.030936
3513	-0.095452
3514	0.012881
3515	0.004744
3516	0.013201
3517	0.166096
3518	-0.196020
3519	-0.123655
3520	0.084022
3521	0.168139
3522	0.025839
3523	0.095369
3524	-0.045722
3525	0.213459
3526	-0.221900
3527	-0.042928
3528	-0.097983
3529	-0.324567
3530	0.662217
3531	-0.183434
3532	-0.139841
3533	-0.030208
3534	0.003862
3535	0.183656
3536	0.032806
3537	0.221378
3538	-0.165054
3539	-0.081933
3540	0.121876
3541	-0.085639
3542	0.113723
3543	-0.212608
3544	0.148168
3545	0.144421
3546	0.091587
3547	0.282117
3548	-0.051102
3549	-0.153573
3550	0.162574
3551	-0.358529
3552	0.164566
3553	0.000286
3554	-0.182945
3555	-0.052882
3556	-0.262311
3557	0.054236
3558	0.078887
3559	0.167547
3560	-0.007707
3561	-0.123597
3562	0.245733
3563	-0.230295
3564	-0.014661
3565	0.064544
3566	0.029062
3567	0.058085
3568	-0.046073
3569	0.084145
3570	0.131489
3571	-0.187531
3572	0.181592
3573	0.183210
3574	-0.141453
3575	0.049317
3576	0.021194
3577	0.112982
3578	0.048345
3579	0.260770
3580	0.254699
3581	-0.129327
3582	-0.013326
3583	-0.121775
3584	0.268518
3585	0.044874
3586	-0.122789
3587	-0.059313
3588	0.107215
3589	-0.055487
3590	-0.054945
3591	0.207875
3592	0.260378
3593	-0.136790
3594	-0.120204
3595	-0.111554
3596	0.193272
3597	-0.197950
3598	0.083202
3599	0.109882
3600	0.119665
3601	-0.196051
3602	0.130209
3603	-0.034336
3604	0.082913
3605	-0.081321
3606	-0.231606
3607	0.133700
3608	-0.161289
3609	0.180472
3610	0.243905
3611	-0.179765
3612	-0.070271
3613	0.020310
3614	0.132681
3615	0.255304
3616	0.237349
3617	-0.006651
3618	0.116055
3619	-0.146732
3620	-0.084440
3621	0.059656
3622	-0.223809
3623	0.124357
3624	0.150108
3625	0.063430
3626	0.243463
3627	-0.090028
3628	-0.126127
3629	-0.181755
3630	-0.228766
3631	0.201559
3632	-0.177130
3633	0.038944
3634	-0.118599
3635	0.065797
3636	0.059269
3637	-0.067949
3638	-0.076180
3639	-0.234717
3640	0.161911
3641	0.009625
3642	0.013162
3643	-0.176141
3644	-0.027951
3645	-0.110745
3646	-0.075189
3647	-0.227077
3648	-0.071714
3649	0.065104
3650	0.001137
3651	-0.080415
3652	0.118881
3653	0.100882
3654	0.213934
3655	0.061939
3656	0.036364
3657	0.076725
3658	0.135941
3659	0.246975
3660	-0.173112
3661	0.027968
3662	0.147630
3663	0.150871
3664	0.229318
3665	-0.172185
3666	0.077298
3667	-0.121649
3668	-0.135831
3669	0.246242
3670	0.181030
3671	-0.127502
3672	-0.191641
3673	-0.143979
3674	-0.142074
3675	-0.069379
3676	0.227993
3677	-0.081799
3678	-0.175695
3679	-0.065426
3680	-0.181098
3681	-0.137577
3682	0.046119
3683	-0.048811
3684	0.201034
3685	0.071844
3686	0.207937
3687	-0.072420
3688	-0.222073
3689	-0.192767
3690	0.108992
3691	0.126699
3692	-0.059814
3693	-0.065454
3694	-0.113736
3695	-0.043616
3696	-0.078770
3697	-0.176065
3698	0.127169
3699	-0.054808
3700	-0.130999
3701	0.095272
3702	0.046134
3703	0.063675
3704	0.006353
3705	-0.219983
3706	0.033503
3707	0.195398
3708	0.167993
3709	-0.152716
3710	-0.112103
3711	-0.238163
3712	0.057256
3713	0.056534
3714	-0.056005
3715	0.142207
3716	-0.114789
3717	-0.035406
3718	0.031301
3719	-0.169202
3720	0.002723
3721	0.204360
3722	0.147458
3723	-0.139813
3724	0.145956
3725	0.066391
3726	0.182133
3727	-0.063227
3728	0.145907
3729	-0.048497
3730	-0.084365
3731	0.028316
3732	0.118238
3733	-0.223264
3734	-0.031582
3735	-0.058100
3736	-0.225245
3737	0.236063
3738	-0.004072
3739	-0.226908
3740	0.066151
3741	0.173653
3742	0.008512
3743	-0.068475
3744	-0.121099
3745	0.241490
3746	0.100397
3747	-0.057052
3748	0.001723
3749	0.132612
3750	0.024076
3751	-0.111977
3752	0.233061
3753	-0.127829
3754	-0.034145
3755	0.064021
3756	-0.049322
3757	-0.132857
3758	0.002497
3759	0.000114
3760	0.027881
3761	0.085528
3762	-0.148130
3763	-0.057587
3764	0.135302
3765	-0.208501
3766	0.277003
3767	0.278914
3768	-0.103704
3769	-0.060335
3770	0.167765
3771	-0.036998
3772	0.276364
3773	0.288526
3774	0.026111
3775	0.044640
3776	0.193397
3777	-0.036516
3778	0.022725
3779	0.292116
3780	-0.157435
3781	-0.194632
3782	-0.154464
3783	0.148207
3784	-0.116196
3785	-0.112406
3786	-0.231884
3787	-0.026038
3788	-0.045512
3789	-0.026533
3790	0.161517
3791	0.102582
3792	-0.156530
3793	-0.188861
3794	-0.023590
3795	-0.020836
3796	-0.189255
3797	0.062840
3798	0.196475
3799	-0.076501
3800	-0.084246
3801	-0.230742
3802	0.072817
3803	-0.105453
3804	0.094592
3805	-0.217711
3806	0.028493
3807	-0.060403
3808	0.085985
3809	-0.007177
3810	0.241976
3811	-0.175844
3812	-0.200238
3813	-0.289153
3814	0.090101
3815	0.152271
3816	0.197282
3817	-0.021662
3818	0.071864
3819	-0.205396
3820	0.100299
3821	-0.119630
3822	-0.149539
3823	-0.172025
3824	0.031756
3825	0.150564
3826	-0.113274
3827	-0.157067
3828	-0.164640
3829	0.143394
3830	-0.144196
3831	-0.177942
3832	-0.028848
3833	-0.136953
3834	0.076808
3835	0.112249
3836	-0.090878
3837	-0.102586
3838	0.035098
3839	-0.082502
3840	0.222272
3841	0.049222
3842	-0.037862
3843	-0.124826
3844	0.193053
3845	0.070583
3846	-0.020839
3847	-0.020809
3848	-0.186882
3849	0.193515
3850	0.092540
3851	0.194096
3852	-0.131355
3853	0.174905
3854	-0.075297
3855	-0.285626
3856	0.236374
3857	0.207815
3858	-0.100804
3859	0.190046
3860	-0.045855
3861	-0.119682
3862	-0.158349
3863	0.011842
3864	0.151984
3865	0.157831
3866	-0.104847
3867	-0.088088
3868	0.213686
3869	0.153865
3870	-0.151391
3871	-0.118679
3872	-0.143852
3873	0.174574
3874	-0.184611
3875	0.424477
3876	-0.086756
3877	0.079966
3878	-0.082770
3879	0.050396
3880	0.136162
3881	0.270795
3882	-0.052928
3883	-0.133375
3884	-0.106553
3885	-0.109561
3886	-0.008837
3887	-0.007931
3888	0.062178
3889	-0.114740
3890	-0.071931
3891	0.017788
3892	-0.071999
3893	0.111684
3894	-0.178521
3895	0.032225
3896	0.036088
3897	-0.106254
3898	0.100989
3899	-0.071868
3900	0.219690
3901	0.042253
3902	0.065960
3903	0.206541
3904	-0.057864
3905	-0.055901
3906	0.130934
3907	-0.032852
3908	-0.145666
3909	-0.088660
3910	-0.091354
3911	-0.066938
3912	-0.046937
3913	0.194980
3914	0.013019
3915	-0.093035
3916	-0.028984
3917	-0.150700
3918	-0.242772
3919	-0.171636
3920	0.023703
3921	0.058462
3922	0.056986
3923	-0.142211
3924	0.196344
3925	-0.182898
3926	0.058936
3927	-0.044243
3928	-0.073284
3929	0.190322
3930	0.168859
3931	-0.088627
3932	0.171317
3933	0.052329
3934	-0.051402
3935	0.143973
3936	0.130419
3937	-0.026479
3938	-0.183795
3939	0.194692
3940	-0.059398
3941	-0.125708
3942	0.160385
3943	0.050387
3944	0.077278
3945	-0.163973
3946	-0.211832
3947	-0.014221
3948	-0.087087
3949	0.051753
3950	-0.108831
3951	0.164331
3952	0.181522
3953	-0.160535
3954	-0.082507
3955	0.225714
3956	0.242947
3957	0.214846
3958	-0.209039
3959	0.201011
3960	-0.175794
3961	0.252098
3962	-0.021891
3963	-0.041421
3964	-0.000205
3965	-0.165830
3966	-0.145210
3967	0.044955
3968	-0.231989
3969	0.199146
3970	-0.171421
3971	0.006979
3972	0.008002
3973	-0.185037
3974	0.007208
3975	-0.038138
3976	0.116843
3977	-0.019829
3978	0.236646
3979	0.054947
3980	-0.046892
3981	0.107140
3982	-0.077657
3983	-0.215989
3984	-0.046364
3985	-0.051940
3986	-0.356980
3987	0.469632
3988	0.564530
3989	0.507995
3990	-0.134114
3991	-0.280507
3992	-0.201692
3993	-0.126514
3994	0.183433
3995	0.144765
3996	0.005110
3997	0.030830
3998	-0.227204
3999	-0.178043
4000	-0.147960
4001	0.017853
4002	-0.255657
4003	-0.181242
4004	-0.000343
4005	-0.032223
4006	0.100841
4007	-0.019172
4008	-0.016928
4009	-0.008607
4010	-0.156479
4011	-0.032792
4012	-0.044691
4013	0.038012
4014	0.009197
4015	-0.074443
4016	0.176915
4017	0.218942
4018	-0.048576
4019	-0.039515
4020	-0.062804
4021	0.088487
4022	0.209489
4023	0.127713
4024	-0.010181
4025	-0.182868
4026	0.225226
4027	0.205483
4028	-0.014576
4029	0.173742
4030	0.170205
4031	-0.070077
4032	-0.018086
4033	-0.048652
4034	0.248905
4035	-0.109297
4036	-0.183836
4037	0.069351
4038	0.025580
4039	-0.207709
4040	-0.032531
4041	-0.158829
4042	0.191380
4043	0.207943
4044	-0.004530
4045	-0.147228
4046	-0.306495
4047	-0.042612
4048	-0.084526
4049	-0.030892
4050	0.409100
4051	0.272360
4052	0.287970
4053	0.463017
4054	-0.125634
4055	-0.016018
4056	0.024603
4057	0.382226
4058	0.047493
4059	0.106483
4060	0.162497
4061	-0.073905
4062	-0.141604
4063	-0.251025
4064	-0.038096
4065	0.066263
4066	0.171086
4067	0.179984
4068	-0.164923
4069	-0.003012
4070	-0.181939
4071	-0.238518
4072	-0.148362
4073	-0.168966
4074	0.064261
4075	-0.192637
4076	0.093571
4077	0.010430
4078	-0.173138
4079	-0.159250
4080	0.100694
4081	-0.158347
4082	0.003264
4083	0.058413
4084	0.062959
4085	0.033439
4086	0.148138
4087	0.119864
4088	-0.204975
4089	-0.074654
4090	-0.263037
4091	0.091575
4092	0.026760
4093	-0.129910
4094	0.018289
4095	0.042208
4096	0.182466
4097	0.246899
4098	-0.114289
4099	-0.016147
4100	-0.135755
4101	-0.160015
4102	-0.135494
4103	0.012606
4104	-0.081977
4105	-0.209588
4106	-0.150415
4107	-0.185276
4108	-0.039491
4109	0.117679
4110	-0.132999
4111	-0.001363
4112	0.194550
4113	0.111906
4114	0.176711
4115	-0.017336
4116	0.174626
4117	-0.031190
4118	0.131729
4119	-0.056902
4120	0.040458
4121	0.007877
4122	-0.139125
4123	0.383644
4124	-0.221365
4125	0.095438
4126	-0.031088
4127	0.158461
4128	-0.247764
4129	0.296705
4130	0.074749
4131	0.123155
4132	-0.174276
4133	-0.283858
4134	-0.371549
4135	0.023671
4136	-0.153647
4137	-0.141934
4138	-0.351807
4139	0.066978
4140	0.190035
4141	-0.092851
4142	-0.321576
4143	-0.096707
4144	0.208296
4145	-0.101104
4146	-0.148345
4147	-0.064980
4148	0.011265
4149	0.242164
4150	0.172240
4151	0.245924
4152	0.038046
4153	-0.016573
4154	-0.193309
4155	0.267998
4156	0.178489
4157	0.008316
4158	0.194374
4159	0.158808
4160	-0.105362
4161	0.239694
4162	-0.010813
4163	0.109914
4164	-0.056402
4165	-0.040831
4166	-0.155389
4167	0.219620
4168	-0.017263
4169	-0.110418
4170	0.251379
4171	-0.170702
4172	-0.120046
4173	0.240115
4174	0.032066
4175	-0.090762
4176	-0.090176
4177	0.170183
4178	-0.093962
4179	-0.160054
4180	0.048032
4181	-0.054851
4182	0.218070
4183	0.060757
4184	-0.172553
4185	-0.048152
4186	-0.087256
4187	-0.162241
4188	-0.098641
4189	0.012831
4190	-0.183501
4191	-0.020855
4192	0.043264
4193	0.070429
4194	0.131845
4195	0.045534
4196	0.120717
4197	0.070227
4198	-0.109992
4199	0.167114
4200	0.024344
4201	-0.127805
4202	0.047539
4203	-0.018529
4204	0.098725
4205	-0.061476
4206	-0.038278
4207	-0.246412
4208	0.161335
4209	-0.022932
4210	0.051306
4211	-0.095214
4212	0.053137
4213	-0.252163
4214	-0.153240
4215	-0.003633
4216	0.116455
4217	0.002265
4218	0.120932
4219	0.039517
4220	-0.044482
4221	-0.011340
4222	0.204175
4223	0.120748
4224	-0.048696
4225	-0.125803
4226	-0.058735
4227	-0.162420
4228	0.032896
4229	-0.100417
4230	0.115393
4231	-0.170214
4232	-0.258868
4233	-0.047241
4234	0.171650
4235	-0.146324
4236	0.158222
4237	-0.241939
4238	0.031041
4239	-0.070551
4240	0.190528
4241	0.145681
4242	-0.176573
4243	-0.119428
4244	0.057537
4245	-0.177511
4246	-0.123051
4247	0.026015
4248	0.101646
4249	-0.155272
4250	-0.108841
4251	-0.084043
4252	-0.181231
4253	-0.181764
4254	0.073091
4255	0.101892
4256	0.155328
4257	0.168244
4258	0.160499
4259	-0.153336
4260	-0.019626
4261	0.037468
4262	0.145098
4263	-0.053412
4264	-0.184376
4265	-0.110278
4266	0.205426
4267	-0.076416
4268	-0.176196
4269	0.056356
4270	0.004487
4271	0.141055
4272	0.056417
4273	0.205088
4274	0.156517
4275	0.021020
4276	-0.109144
4277	0.187619
4278	-0.008533
4279	0.166837
4280	-0.112483
4281	-0.033366
4282	0.078244
4283	-0.004177
4284	0.119689
4285	0.018471
4286	-0.214345
4287	-0.086363
4288	0.145461
4289	-0.110488
4290	-0.239108
4291	-0.231270
4292	-0.316764
4293	-0.224821
4294	-0.113681
4295	-0.243354
4296	0.195254
4297	-0.282326
4298	0.226520
4299	0.033387
4300	-0.220205
4301	0.018651
4302	-0.021941
4303	-0.235538
4304	-0.174325
4305	0.154668
4306	0.125538
4307	-0.117878
4308	0.067599
4309	-0.207024
4310	0.212982
4311	0.157112
4312	0.001345
4313	0.105920
4314	-0.168248
4315	0.249474
4316	0.148349
4317	-0.020810
4318	0.071537
4319	0.262239
4320	-0.103767
4321	0.104993
4322	-0.015341
4323	0.024200
4324	0.042136
4325	-0.029020
4326	-0.048360
4327	0.084181
4328	-0.082567
4329	0.040119
4330	0.077867
4331	0.004837
4332	-0.148662
4333	0.020131
4334	0.098870
4335	-0.126959
4336	-0.078659
4337	-0.060263
4338	0.275156
4339	-0.039178
4340	0.167732
4341	0.141916
4342	0.191142
4343	-0.110214
4344	0.055077
4345	0.112748
4346	-0.084329
4347	-0.032210
4348	0.039065
4349	-0.038403
4350	0.194395
4351	0.047070
4352	0.164060
4353	0.138189
4354	0.486434
4355	0.032064
4356	0.171758
4357	0.031883
4358	0.249461
4359	0.042677
4360	0.210004
4361	0.268668
4362	-0.061886
4363	0.047462
4364	-0.094170
4365	0.074589
4366	0.159006
4367	0.235867
4368	-0.217723
4369	-0.079248
4370	0.027666
4371	0.262142
4372	-0.276625
4373	-0.144703
4374	-0.064413
4375	-0.285385
4376	0.141206
4377	-0.270839
4378	0.060207
4379	-0.168295
4380	-0.046061
4381	0.016643
4382	0.112044
4383	-0.217793
4384	-0.183012
4385	-0.200776
4386	-0.014827
4387	-0.274145
4388	0.212772
4389	-0.220284
4390	-0.024205
4391	0.218290
4392	-0.099339
4393	-0.216722
4394	0.200196
4395	-0.042462
4396	-0.215099
4397	-0.118838
4398	-0.220888
4399	0.150588
4400	0.128972
4401	0.165366
4402	0.078595
4403	0.174771
4404	-0.134284
4405	-0.244150
4406	-0.217644
4407	0.182461
4408	-0.273300
4409	0.101525
4410	0.184582
4411	-0.060627
4412	-0.212978
4413	0.050748
4414	0.073745
4415	-0.160470
4416	-0.127221
4417	0.194127
4418	-0.010320
4419	0.249971
4420	0.042392
4421	-0.094699
4422	0.189431
4423	0.196824
4424	0.049854
4425	0.022292
4426	0.023082
4427	-0.138097
4428	0.135537
4429	0.275635
4430	0.038910
4431	0.001644
4432	-0.115342
4433	-0.042439
4434	0.258317
4435	-0.019823
4436	0.048743
4437	0.246705
4438	0.108553
4439	0.077635
4440	-0.175465
4441	-0.014456
4442	0.034988
4443	-0.002231
4444	-0.073156
4445	-0.001183
4446	0.239608
4447	0.248154
4448	-0.066487
4449	-0.188759
4450	-0.196847
4451	0.252321
4452	-0.229466
4453	-0.239003
4454	-0.085170
4455	-0.134874
4456	-0.189013
4457	-0.048240
4458	0.018074
4459	-0.238714
4460	-0.232848
4461	-0.130949
4462	-0.216407
4463	-0.210541
4464	-0.022994
4465	0.125765
4466	0.180352
